Date,Open Price,High Price,Low Price,Close Price,WAP,No.of Shares,No. of Trades,Total Turnover (Rs.),Deliverable Quantity,% Deli. Qty to Traded Qty,Spread High-Low,Spread Close-Open
6-March-2019,313.80,313.80,307.85,309.35,310.615930713346563690,283691,2547,88118944.00,30098,10.61,5.95,-4.45
5-March-2019,308.00,309.50,304.00,308.05,306.025300134248706084,1713983,3684,524522162.00,1341417,78.26,5.50,0.05
1-March-2019,320.50,320.50,302.60,307.05,307.332664882784380952,1154411,12458,354788209.00,152308,13.19,17.90,-13.45
28-February-2019,324.15,326.85,316.05,317.95,320.502683517177380007,209054,2413,67002368.00,22574,10.80,10.80,-6.20
27-February-2019,320.95,325.00,314.65,319.95,319.387238467294442338,205806,2206,65731810.00,17165,8.34,10.35,-1.00
26-February-2019,318.00,320.20,301.00,315.35,316.672770770376209871,182664,1495,57844715.00,11028,6.04,19.20,-2.65
25-February-2019,313.00,319.90,312.05,318.05,316.277927063339731285,151090,1445,47786432.00,13259,8.78,7.85,5.05
22-February-2019,309.70,316.20,308.05,313.00,313.420967897116833969,155905,1472,48863896.00,18207,11.68,8.15,3.30
21-February-2019,307.00,311.00,302.95,310.20,306.080844384303112313,184750,1413,56548436.00,8516,4.61,8.05,3.20
20-February-2019,305.00,310.80,305.00,309.55,307.787355889724310776,159600,1366,49122862.00,16508,10.34,5.80,4.55
19-February-2019,301.20,313.20,301.05,304.25,309.053319009385954992,265290,2711,81988755.00,19550,7.37,12.15,3.05
18-February-2019,305.20,309.00,300.20,302.50,302.294824529594262460,99276,934,30010621.00,7448,7.50,8.80,-2.70
15-February-2019,301.85,305.60,297.85,304.35,301.850796663790624101,173850,1635,52476761.00,28750,16.54,7.75,2.50
14-February-2019,310.00,310.00,296.85,301.05,301.605818359320297839,249933,3250,75381247.00,18598,7.44,13.15,-8.95
13-February-2019,311.00,312.85,307.50,310.65,310.527731210536354236,99617,807,30933841.00,4916,4.93,5.35,-0.35
12-February-2019,312.00,315.30,310.00,311.50,312.450315293085485551,91185,882,28490782.00,15272,16.75,5.30,-0.50
11-February-2019,316.90,316.90,311.30,313.05,313.179228334331422705,116890,1524,36607520.00,10996,9.41,5.60,-3.85
8-February-2019,310.90,314.40,306.20,313.60,311.239701939706440185,155539,1485,48409912.00,19077,12.27,8.20,2.70
7-February-2019,308.30,314.00,305.20,310.95,311.310488939165409753,190944,1612,59442870.00,10112,5.30,8.80,2.65
6-February-2019,308.00,309.90,301.15,308.30,305.243897050701424942,262537,2057,80137817.00,10314,3.93,8.75,0.30
5-February-2019,295.50,310.60,293.30,307.85,301.833910180756568730,804950,7408,242961206.00,28057,3.49,17.30,12.35
4-February-2019,311.00,311.05,302.25,306.60,305.374947762518390455,174683,1571,53343812.00,11212,6.42,8.80,-4.40
1-February-2019,305.95,320.45,305.25,311.30,313.051297510055379951,464428,4697,145389788.00,24933,5.37,15.20,5.35
31-January-2019,305.00,310.55,303.85,307.15,306.371632227579711661,248458,2753,76120483.00,23987,9.65,6.70,2.15
30-January-2019,309.90,312.65,300.00,303.35,307.661024827578192635,172107,1700,52950616.00,15246,8.86,12.65,-6.55
29-January-2019,309.00,309.70,301.65,307.10,306.769311343721330068,138429,1403,42465769.00,20034,14.47,8.05,-1.90
28-January-2019,308.90,308.90,294.95,304.90,302.874325029554918897,187786,1641,56875558.00,19244,10.25,13.95,-4.00
25-January-2019,304.00,311.50,302.00,307.05,306.840210089896151009,301014,2583,92363199.00,15125,5.02,9.50,3.05
24-January-2019,304.25,307.95,294.80,301.60,302.008732176412070299,352833,3493,106558647.00,40943,11.60,13.15,-2.65
23-January-2019,307.00,307.50,303.00,304.05,304.767379817505447813,173923,1982,53006057.00,29470,16.94,4.50,-2.95
22-January-2019,312.70,312.70,302.00,304.25,307.023253593085995320,272259,2514,83589844.00,38020,13.96,10.70,-8.45
21-January-2019,317.70,317.70,306.30,310.45,311.128113187405738748,365341,3327,113667856.00,29000,7.94,11.40,-7.25
18-January-2019,331.45,332.35,305.10,310.95,314.085887515583066693,740387,7207,232545108.00,87255,11.79,27.25,-20.50
17-January-2019,334.00,338.10,330.30,332.30,332.933052961890324825,169537,1647,56444471.00,20590,12.14,7.80,-1.70
16-January-2019,337.50,345.00,331.25,333.35,338.374561097119326433,380779,3224,128845927.00,35649,9.36,13.75,-4.15
15-January-2019,330.00,338.80,326.45,337.65,331.941788695665591679,259228,2533,86048606.00,44969,17.35,12.35,7.65
14-January-2019,334.05,334.10,317.95,331.90,330.801755404528533861,146405,1905,48431031.00,12129,8.28,16.15,-2.15
11-January-2019,337.25,338.85,329.50,334.05,332.792025557489475015,268884,2338,89482451.00,27998,10.41,9.35,-3.20
10-January-2019,335.20,338.25,332.60,337.25,335.377771897779067583,117158,1350,39292189.00,8460,7.22,5.65,2.05
9-January-2019,330.50,340.00,327.45,335.15,332.643626708376857406,365698,3708,121647109.00,57939,15.84,12.55,4.65
8-January-2019,325.40,331.50,323.20,328.85,328.849897440804829643,240349,1941,79038744.00,61952,25.78,8.30,3.45
7-January-2019,322.70,327.60,322.35,324.45,324.841139086497860097,419178,2092,136166259.00,21256,5.07,5.25,1.75
4-January-2019,313.00,324.40,313.00,322.60,320.052051295849390882,483158,4031,154635709.00,52089,10.78,11.40,9.60
3-January-2019,312.00,315.45,308.15,313.15,311.815822652146300716,319643,2721,99669745.00,13318,4.17,7.30,1.15
2-January-2019,316.00,320.75,309.20,312.80,314.025480552005473580,387315,2979,121626779.00,40764,10.52,11.55,-3.20
1-January-2019,316.80,322.00,313.55,319.55,312.987276796400554628,13410066,2770,4197180039.00,13123920,97.87,8.45,2.75
31-December-2018,319.80,321.00,312.00,312.90,315.192597654527819416,181456,1958,57193588.00,34057,18.77,9.00,-6.90
28-December-2018,316.55,321.00,314.35,316.20,318.368018375490404283,357868,2848,113933726.00,97932,27.37,6.65,-0.35
27-December-2018,322.90,326.15,314.00,316.35,317.376249748311398290,546310,5412,173385819.00,147226,26.95,12.15,-6.55
26-December-2018,310.95,323.95,303.00,321.20,311.337941070209947412,498220,4232,155114789.00,81328,16.32,20.95,10.25
24-December-2018,307.90,313.50,304.40,309.00,308.215515807520567049,312636,3069,96359266.00,31226,9.99,9.10,1.10
21-December-2018,319.90,324.60,305.55,307.50,314.474968601815637680,613889,5997,193052724.00,92684,15.10,19.05,-12.40
20-December-2018,316.00,321.20,314.25,316.15,317.116745188852511379,262983,2271,83396313.00,34782,13.23,6.95,0.15
19-December-2018,321.80,323.50,318.00,322.25,320.660095726939986572,230865,2622,74029193.00,53961,23.37,5.50,0.45
18-December-2018,314.70,320.00,312.00,317.15,315.908156085819427407,432070,3454,136494437.00,49497,11.46,8.00,2.45
17-December-2018,320.00,323.05,313.00,314.65,317.963404921619542219,665472,5143,211595743.00,74933,11.26,10.05,-5.35
14-December-2018,304.00,332.90,304.00,318.80,318.320442072100093310,1196004,12139,380712522.00,73081,6.11,28.90,14.80
13-December-2018,309.00,312.70,301.35,302.70,306.377747590899249315,337159,3058,103298015.00,41384,12.27,11.35,-6.30
12-December-2018,295.00,309.90,292.20,305.20,301.236937862393279459,438060,3471,131959853.00,46153,10.54,17.70,10.20
11-December-2018,289.50,293.85,282.25,290.10,288.701669778994506590,386099,3783,111467426.00,22493,5.83,11.60,0.60
10-December-2018,299.00,301.25,290.00,294.30,296.498471203799221196,215202,2226,63807064.00,17957,8.34,11.25,-4.70
7-December-2018,313.80,313.80,299.10,303.90,304.267010245210319785,225276,2849,68544055.00,20493,9.10,14.70,-9.90
6-December-2018,310.00,312.45,302.00,304.10,306.112316629970554686,263879,2386,80776612.00,21651,8.20,10.45,-5.90
5-December-2018,340.00,340.00,308.85,312.30,313.739714827841717389,522281,3807,163860292.00,60223,11.53,31.15,-27.70
4-December-2018,319.00,323.30,310.70,318.40,315.548147725918364174,385958,3541,121788332.00,68402,17.72,12.60,-0.60
3-December-2018,315.00,322.90,314.95,320.30,318.652836824941521965,234276,1640,74652712.00,13428,5.73,7.95,5.30
30-November-2018,319.00,323.90,310.60,313.55,316.819565395837530875,268014,2585,84912079.00,22522,8.40,13.30,-5.45
29-November-2018,326.00,326.00,312.35,316.85,315.528578566710140754,236156,2570,74513967.00,5297,2.24,13.65,-9.15
28-November-2018,333.00,333.00,311.40,314.50,321.490750315345910206,360715,4015,115966536.00,38336,10.63,21.60,-18.50
27-November-2018,334.80,335.80,324.75,328.50,330.360961241797152882,250218,2567,82662259.00,9271,3.71,11.05,-6.30
26-November-2018,328.20,338.25,328.20,334.00,334.708403438708325661,630004,2934,210867633.00,12464,1.98,10.05,5.80
22-November-2018,331.75,339.75,321.50,327.95,327.260959859756201452,1056446,5545,345733532.00,532946,50.45,18.25,-3.80
21-November-2018,331.00,339.10,330.10,331.75,334.369093397367006985,238208,2243,79649393.00,17284,7.26,9.00,0.75
20-November-2018,332.80,339.25,328.60,331.75,334.828956164920409880,347028,3374,116195023.00,28340,8.17,10.65,-1.05
19-November-2018,331.00,338.75,319.25,336.70,330.514591815093854193,575254,6207,190129841.00,25602,4.45,19.50,5.70
16-November-2018,303.80,336.90,301.35,333.60,322.473111276272214679,1903865,12057,613945270.00,889888,46.74,35.55,29.80
15-November-2018,299.00,306.45,297.75,303.80,303.785369677579712823,156907,1986,47666051.00,10091,6.43,8.70,4.80
14-November-2018,300.95,311.45,298.00,301.25,305.010317634861290018,318290,3485,97081734.00,41369,13.00,13.45,0.30
13-November-2018,299.90,300.00,290.35,297.45,294.778787584097318610,113113,1607,33343313.00,8574,7.58,9.65,-2.45
12-November-2018,301.65,306.35,293.40,295.35,298.655294941945816095,179832,2180,53707779.00,25339,14.09,12.95,-6.30
9-November-2018,290.00,302.35,290.00,298.45,297.908959451285206559,385191,4594,114751850.00,26472,6.87,12.35,8.45
7-November-2018,308.00,308.90,304.00,305.95,306.299933606285271660,18074,385,5536065.00,2970,16.43,4.90,-2.05
6-November-2018,303.90,307.70,303.00,305.05,305.211543174577240421,97928,1072,29888756.00,27678,28.26,4.70,1.15
5-November-2018,301.90,305.45,298.00,302.50,301.819366823445713608,126505,1658,38181659.00,12740,10.07,7.45,0.60
2-November-2018,297.00,307.80,293.50,302.45,302.007197655984599705,282592,2974,85344818.00,19988,7.07,14.30,5.45
1-November-2018,294.50,297.55,287.55,292.80,292.749165461597718703,221979,2091,64984167.00,59192,26.67,10.00,-1.70
31-October-2018,292.15,296.80,279.10,292.15,286.734042445832618502,297273,3226,85238289.00,40200,13.52,17.70,0.00
30-October-2018,295.90,303.60,289.60,291.85,293.416035975203743822,213258,2735,62573317.00,32136,15.07,14.00,-4.05
29-October-2018,303.00,303.10,290.00,293.65,295.917183995416472702,307187,3484,90901912.00,22807,7.42,13.10,-9.35
26-October-2018,297.00,305.95,287.20,298.30,297.356023142167050497,445075,5555,132345732.00,41966,9.43,18.75,1.30
25-October-2018,307.40,310.70,293.05,295.85,302.015267781438621079,516578,6807,156014443.00,52625,10.19,17.65,-11.55
24-October-2018,287.50,328.75,286.90,316.75,304.280521011057234959,519298,6300,158012266.00,139982,26.96,41.85,29.25
23-October-2018,283.00,290.60,283.00,285.90,286.285214399108990715,120313,1943,34443833.00,21631,17.98,7.60,2.90
22-October-2018,288.70,292.00,277.00,286.00,283.345176235500160091,259227,3364,73450720.00,23172,8.94,15.00,-2.70
19-October-2018,287.80,293.00,284.95,286.85,288.706689382595859281,189001,1820,54565853.00,54258,28.71,8.05,-0.95
17-October-2018,295.05,297.75,284.80,288.10,290.724542413567007101,179966,2496,52320533.00,32443,18.03,12.95,-6.95
16-October-2018,291.00,295.80,289.80,293.90,293.201320612725463064,123579,1767,36233526.00,22427,18.15,6.00,2.90
15-October-2018,290.55,293.40,284.45,291.40,288.575061581457013506,132751,1736,38308628.00,18184,13.70,8.95,0.85
12-October-2018,289.70,292.45,284.70,290.55,286.133745252959779081,12594690,5902,3603765820.00,11831906,93.94,7.75,0.85
11-October-2018,290.00,294.55,282.35,286.25,286.033127628163597122,7754464,2765,2218033591.00,7520958,96.99,12.20,-3.75
10-October-2018,290.95,303.95,284.10,295.65,290.474340105053288379,2264565,4048,657798024.00,1875320,82.81,19.85,4.70
9-October-2018,295.40,296.30,287.25,288.60,290.021440100390979471,682133,2015,197833195.00,550470,80.70,9.05,-6.80
8-October-2018,300.00,302.00,291.10,295.35,294.587211837348973937,142194,3309,41888534.00,17489,12.30,10.90,-4.65
5-October-2018,309.25,315.85,287.50,296.75,304.968807132295634819,274582,5942,83738945.00,66053,24.06,28.35,-12.50
4-October-2018,315.00,317.40,302.35,310.00,310.560069956061752485,301332,3371,93581687.00,35382,11.74,15.05,-5.00
3-October-2018,325.15,327.00,316.45,318.65,320.647893555952628447,6671599,4410,2139234166.00,6409852,96.08,10.55,-6.50
1-October-2018,340.00,340.20,321.95,325.85,327.760713714784618979,325284,2992,106615316.00,134892,41.47,18.25,-14.15
28-September-2018,359.85,359.90,335.45,338.25,343.867630507527174118,264774,5533,91047208.00,32416,12.24,24.45,-21.60
27-September-2018,361.00,363.00,353.80,356.10,358.983383713643233678,108508,2391,38952569.00,11483,10.58,9.20,-4.90
26-September-2018,364.40,364.95,357.30,360.90,360.831414952860376925,104689,2881,37775080.00,14377,13.73,7.65,-3.50
25-September-2018,360.00,363.00,344.05,360.10,350.681867616105728475,241827,4678,84804344.00,29991,12.40,18.95,0.10
24-September-2018,371.00,373.25,350.50,357.50,357.585653583808565358,482922,6464,172685979.00,193025,39.97,22.75,-13.50
21-September-2018,367.80,377.05,356.90,372.40,367.844155142610198789,240656,4431,88523903.00,29206,12.14,20.15,4.60
19-September-2018,376.70,380.20,362.00,369.70,373.163656050237473507,585539,2152,218501874.00,507716,86.71,18.20,-7.00
18-September-2018,380.00,388.70,372.70,373.55,379.074681438017252703,91348,2075,34627714.00,10299,11.27,16.00,-6.45
17-September-2018,381.00,390.75,377.55,382.40,383.214798512381131720,254904,3794,97682985.00,24117,9.46,13.20,1.40
14-September-2018,378.00,388.95,373.40,383.65,375.481288306806105126,642673,2618,241311686.00,520467,80.98,15.55,5.65
12-September-2018,382.00,384.70,372.30,375.00,375.195950026502138640,1164057,1352,436749472.00,1006892,86.50,12.40,-7.00
11-September-2018,389.90,392.55,378.25,379.85,384.691967114195202896,132580,1689,51002461.00,15245,11.50,14.30,-10.05
10-September-2018,390.60,397.50,382.40,388.30,388.718710618596241301,292016,2413,113512083.00,38101,13.05,15.10,-2.30
7-September-2018,372.50,395.00,369.00,390.80,380.318570322323057182,621147,3242,236233739.00,336078,54.11,26.00,18.30
6-September-2018,370.10,374.65,368.55,372.25,371.686962428802842660,95685,1010,35564867.00,15295,15.98,6.10,2.15
5-September-2018,378.00,378.00,366.95,372.60,372.768580060422960725,155570,2050,57991608.00,15225,9.79,11.05,-5.40
4-September-2018,384.25,384.25,375.10,377.75,379.498939888831585582,122157,1254,46358452.00,21509,17.61,9.15,-6.50
3-September-2018,385.50,389.70,380.50,384.25,384.018764817191204297,183908,1610,70624123.00,58851,32.00,9.20,-1.25
31-August-2018,379.25,386.00,376.00,383.35,380.111828045242612404,950343,2948,361236615.00,815939,85.86,10.00,4.10
30-August-2018,375.00,384.90,375.00,382.60,380.212755664469875409,126093,1931,47942167.00,15975,12.67,9.90,7.60
29-August-2018,380.00,382.20,373.35,374.85,378.013629699692598723,105725,1555,39965491.00,12625,11.94,8.85,-5.15
28-August-2018,380.15,385.90,374.65,376.45,378.340243540243540243,134680,1761,50954864.00,10809,8.03,11.25,-3.70
27-August-2018,370.95,383.00,368.50,378.35,376.294103084032820899,169648,2115,63837542.00,31291,18.44,14.50,7.40
24-August-2018,369.00,371.50,365.30,368.50,367.608754399909163165,88070,1025,32375303.00,13192,14.98,6.20,-0.50
23-August-2018,371.00,376.75,368.40,369.25,370.980737165877857061,96559,1406,35821529.00,13863,14.36,8.35,-1.75
21-August-2018,368.00,370.35,363.05,367.75,367.743595363762296375,114058,1555,41944099.00,17721,15.54,7.30,-0.25
20-August-2018,373.80,374.00,367.45,370.40,370.579505325360036799,141305,2489,52364737.00,30829,21.82,6.55,-3.40
17-August-2018,373.50,374.45,366.50,371.25,369.986885245901639344,101565,2120,37577718.00,7324,7.21,7.95,-2.25
16-August-2018,371.95,373.85,366.05,372.05,370.092337068426378220,481291,2806,178122111.00,383220,79.62,7.80,0.10
14-August-2018,369.00,371.80,364.30,366.50,367.531164969817100639,110990,1951,40792284.00,14094,12.70,7.50,-2.50
13-August-2018,370.00,375.10,362.80,368.95,370.841257009686111718,137310,2066,50920213.00,11225,8.17,12.30,-1.05
10-August-2018,366.80,374.70,365.25,369.10,370.571268292211120890,206782,2547,76627468.00,17929,8.67,9.45,2.30
9-August-2018,388.40,388.40,364.90,366.75,369.890134155194701800,1852705,8519,685297301.00,1092408,58.96,23.50,-21.65
8-August-2018,384.50,387.05,373.60,384.60,380.340841087179006414,128001,1716,48684008.00,9727,7.60,13.45,0.10
7-August-2018,386.20,386.20,379.10,381.35,382.072979626329616225,108866,1379,41594757.00,13278,12.20,7.10,-4.85
6-August-2018,374.80,387.95,374.80,386.20,382.070555682757496614,257683,3220,98453087.00,45323,17.59,13.15,11.40
3-August-2018,377.95,377.95,370.50,374.70,373.831470466725901108,176699,2209,66055647.00,21585,12.22,7.45,-3.25
2-August-2018,385.00,385.05,369.60,372.95,375.191686389963247320,207876,3619,77993347.00,25892,12.46,15.45,-12.05
1-August-2018,391.50,398.55,382.35,383.65,394.366184931446869499,685162,3348,270204724.00,420603,61.39,16.20,-7.85
31-July-2018,379.00,392.05,378.70,390.70,388.063427907091795087,404270,4365,156882402.00,38475,9.52,13.35,11.70
30-July-2018,364.00,390.20,353.20,383.15,372.324562563177409283,491671,6490,183061190.00,166384,33.84,37.00,19.15
27-July-2018,363.90,373.35,351.60,364.45,366.684456796781017961,843745,6716,309388177.00,324154,38.42,21.75,0.55
26-July-2018,353.00,359.70,352.60,357.60,356.198274730563374119,137138,2009,48848319.00,9497,6.93,7.10,4.60
25-July-2018,357.20,357.20,344.00,351.85,348.197833443886281153,236689,3136,82414597.00,23503,9.93,13.20,-5.35
24-July-2018,361.00,365.65,351.25,356.40,360.680305110908416610,99767,1819,35983992.00,9820,9.84,14.40,-4.60
23-July-2018,335.00,359.90,335.00,357.60,355.194241592931751735,155286,2416,55156693.00,25585,16.48,24.90,22.60
20-July-2018,344.50,348.15,340.65,345.55,344.563707346752522435,78892,1329,27183320.00,17649,22.37,7.50,1.05
19-July-2018,339.00,347.20,338.35,345.05,343.808101209632671179,180220,3125,61961096.00,31774,17.63,8.85,6.05
18-July-2018,345.00,345.00,331.20,336.80,334.243770245622192498,7931653,4225,2651105603.00,7721522,97.35,13.80,-8.20
17-July-2018,346.60,350.40,340.00,342.25,341.536970060595114738,653353,2664,223144204.00,518885,79.42,10.40,-4.35
16-July-2018,358.55,359.50,344.45,346.20,350.101100149886850122,102077,2353,35737270.00,19756,19.35,15.05,-12.35
13-July-2018,363.00,363.45,357.25,358.05,359.951388090034127075,104316,2584,37548689.00,28042,26.88,6.20,-4.95
12-July-2018,366.80,366.80,357.55,361.80,363.059856906629119664,61079,980,22175333.00,12103,19.82,9.25,-5.00
11-July-2018,367.55,367.95,360.30,361.90,364.889335136399223190,98351,2463,35887231.00,27402,27.86,7.65,-5.65
10-July-2018,364.70,368.90,361.00,367.35,365.604016891777146285,88327,1351,32292706.00,15110,17.11,7.90,2.65
9-July-2018,366.30,366.30,361.00,361.55,362.728975056779430947,151023,1616,54780418.00,43372,28.72,5.30,-4.75
6-July-2018,360.35,365.30,360.00,361.85,362.082318294263164094,127335,2443,46105752.00,24218,19.02,5.30,1.50
5-July-2018,365.00,366.20,359.55,363.45,363.019373973498317733,313565,4130,113830170.00,97077,30.96,6.65,-1.55
4-July-2018,369.00,370.90,362.70,366.45,366.769607944411159087,145209,2404,53258248.00,16368,11.27,8.20,-2.55
3-July-2018,372.00,373.45,366.00,370.20,369.794326147247466557,151079,2301,55868157.00,37018,24.50,7.45,-1.80
2-July-2018,381.00,381.70,359.00,367.15,377.997136043752295771,857555,3028,324153334.00,26639,3.11,22.70,-13.85
29-June-2018,373.00,382.65,373.00,381.00,379.367083845401419578,79742,1639,30251490.00,12807,16.06,9.65,8.00
28-June-2018,375.00,380.90,368.10,376.35,374.348622191634443850,110429,1331,41338944.00,17717,16.04,12.80,1.35
27-June-2018,382.95,382.95,373.00,374.75,377.027596271305944758,121973,4462,45987187.00,34982,28.68,9.95,-8.20
26-June-2018,374.10,383.05,373.00,380.15,379.773480399504026379,146782,2682,55743911.00,25729,17.53,10.05,6.05
25-June-2018,371.50,377.60,370.65,373.60,374.253560836780019416,75193,1297,28141248.00,9741,12.95,6.95,2.10
22-June-2018,366.55,376.95,366.20,374.60,371.975365976779404341,148575,1501,55266240.00,14446,9.72,10.75,8.05
21-June-2018,378.00,378.00,363.60,368.20,369.753430507316517679,140504,1573,51951836.00,15111,10.75,14.40,-9.80
20-June-2018,374.05,376.20,370.50,372.25,373.508767308057071803,94898,1292,35445235.00,9887,10.42,5.70,-1.80
19-June-2018,372.00,375.30,369.20,371.15,372.600245101778259167,196653,2122,73272956.00,28085,14.28,6.10,-0.85
18-June-2018,381.00,381.00,369.00,371.25,375.769268233288688664,106769,2041,40120509.00,17522,16.41,12.00,-9.75
15-June-2018,376.10,380.30,370.15,377.55,374.857234310269975938,135901,1835,50943473.00,10294,7.57,10.15,1.45
14-June-2018,375.50,383.80,374.05,376.15,382.001497785608678770,2384854,2404,911017800.00,2147332,90.04,9.75,0.65
13-June-2018,375.00,381.85,373.65,376.10,377.620261963998243816,191324,2269,72247819.00,17137,8.96,8.20,1.10
12-June-2018,390.00,393.55,370.00,381.05,384.386642634887328616,223038,2552,85732828.00,46026,20.64,23.55,-8.95
11-June-2018,380.00,394.00,378.35,388.75,387.960123307004729244,242322,3081,94011273.00,25349,10.46,15.65,8.75
8-June-2018,376.80,383.40,372.55,376.75,378.352567406237971908,153287,2338,57996530.00,22649,14.78,10.85,-0.05
7-June-2018,379.95,386.00,374.70,379.95,380.279833298015116196,212355,5183,80754324.00,23222,10.94,11.30,0.00
6-June-2018,361.00,382.90,361.00,380.35,375.262410751142844038,261628,2957,98179154.00,28166,10.77,21.90,19.35
5-June-2018,373.00,380.00,357.60,363.80,363.758961407347258845,826349,3096,300591854.00,653199,79.05,22.40,-9.20
4-June-2018,384.05,390.00,370.00,371.85,377.776201268943565404,140747,2321,53170867.00,21545,15.31,20.00,-12.20
1-June-2018,378.45,384.85,372.85,382.60,379.230325355591516906,140892,2392,53430519.00,14568,10.34,12.00,4.15
31-May-2018,374.00,383.20,372.00,373.80,376.615440326466942436,143598,1694,54081224.00,16399,11.42,11.20,-0.20
30-May-2018,378.00,378.95,373.00,375.90,374.989893833033590531,86185,1166,32318504.00,11812,13.71,5.95,-2.10
29-May-2018,376.05,379.90,371.50,378.25,376.641090315962938673,118938,1899,44796938.00,16808,14.13,8.40,2.20
28-May-2018,377.00,380.50,370.80,374.20,375.351542626515269941,140734,2420,52824724.00,20578,14.62,9.70,-2.80
25-May-2018,377.35,380.00,367.40,376.65,373.361345460869777475,327739,2262,122365074.00,172019,52.49,12.60,-0.70
24-May-2018,357.15,373.70,356.90,371.45,366.295204644558100958,159154,2938,58297347.00,26604,16.72,16.80,14.30
23-May-2018,362.00,365.15,354.55,356.80,358.923042046955390407,202916,2820,72831228.00,48310,23.81,10.60,-5.20
22-May-2018,357.95,370.50,352.10,361.90,362.702817745803357314,316920,5241,114947777.00,69019,21.78,18.40,3.95
21-May-2018,362.00,369.00,356.10,360.20,364.273052329374918439,153260,2488,55828488.00,24272,15.84,12.90,-1.80
18-May-2018,368.50,368.70,355.10,361.95,360.695020728881276887,345653,4206,124675316.00,67519,19.53,13.60,-6.55
17-May-2018,376.10,378.40,364.90,366.55,371.256560426529559258,220946,3359,82027652.00,43204,19.55,13.50,-9.55
16-May-2018,378.00,384.00,374.55,375.35,377.257923384527630964,164797,1761,62170974.00,17817,10.81,9.45,-2.65
15-May-2018,382.00,388.80,371.95,379.40,381.795008686264815411,220463,3807,84171673.00,33788,15.33,16.85,-2.60
14-May-2018,389.80,393.95,372.65,381.50,385.012377414218796871,433370,4096,166852814.00,59181,13.66,21.30,-8.30
11-May-2018,402.00,402.00,381.20,385.70,389.893150800327393725,878453,7693,342502808.00,234414,26.68,20.80,-16.30
10-May-2018,409.00,413.80,404.00,412.25,409.500935353966101967,248569,3805,101789238.00,48287,19.43,9.80,3.25
9-May-2018,400.75,409.15,397.50,402.60,403.977946132989798822,267028,3341,107873423.00,71052,26.61,11.65,1.85
8-May-2018,398.50,402.75,397.15,400.75,400.290713840188173053,133069,1501,53266285.00,19443,14.61,5.60,2.25
7-May-2018,400.50,404.50,395.90,398.00,399.713547164121233009,185692,2357,74223608.00,26542,14.29,8.60,-2.50
4-May-2018,411.00,418.25,394.00,396.60,405.326470000781568869,575765,6562,233372795.00,121990,21.19,24.25,-14.40
3-May-2018,408.00,408.00,399.55,404.40,403.842123897603158594,93206,1811,37640509.00,19994,21.45,8.45,-3.60
2-May-2018,411.00,412.00,406.00,408.00,408.014992141216297908,157149,1679,64119148.00,18626,11.85,6.00,-3.00
30-April-2018,408.95,412.70,404.40,409.55,409.480442760975801228,152859,3752,62592771.00,47703,31.21,8.30,0.60
27-April-2018,408.00,415.85,401.05,408.95,407.282768740776561418,239878,3242,97698176.00,31422,13.10,14.80,0.95
26-April-2018,424.00,424.00,405.00,408.85,413.041958750574517134,276319,3050,114131341.00,50359,18.22,19.00,-15.15
25-April-2018,414.00,427.00,412.15,419.80,420.261788334472302847,940909,9924,395428099.00,88562,9.41,14.85,5.80
24-April-2018,403.50,408.50,396.60,406.10,401.376086523480025262,647593,4592,259928344.00,298721,46.13,11.90,2.60
23-April-2018,398.50,406.10,397.35,403.65,402.279806398738189859,323345,2058,130075164.00,168434,52.09,8.75,5.15
20-April-2018,394.90,402.90,391.55,400.75,398.472021472288419816,206033,2791,82098386.00,25262,12.26,11.35,5.85
19-April-2018,385.50,396.80,385.50,394.95,391.271693234168700240,171701,2657,67181741.00,45851,26.70,11.30,9.45
18-April-2018,383.80,391.75,382.00,384.80,386.628212576320356217,266803,4447,103153567.00,73323,27.48,9.75,1.00
17-April-2018,377.20,382.90,374.80,381.30,378.638049529033416589,122514,1617,46388462.00,15892,12.97,8.10,4.10
16-April-2018,376.30,380.50,375.00,377.20,377.052174708749970843,557339,1363,210145882.00,12986,2.33,5.50,0.90
13-April-2018,381.25,386.05,376.35,377.80,380.067630938862516699,1147463,1923,436113544.00,1014151,88.38,9.70,-3.45
12-April-2018,384.05,386.00,379.25,380.10,381.136379601011520089,142360,1671,54258575.00,33937,23.84,6.75,-3.95
11-April-2018,386.20,391.10,383.55,384.55,386.797463353980954107,308833,3265,119455821.00,75936,24.59,7.55,-1.65
10-April-2018,380.75,386.55,374.60,385.55,379.980439031686436359,394459,3856,149886704.00,82441,20.90,11.95,4.80
9-April-2018,383.90,386.90,376.80,380.75,381.426571726720274998,407275,4126,155345507.00,68747,16.88,10.10,-3.15
6-April-2018,394.00,396.55,383.10,385.40,387.431953850477275745,323817,3933,125457053.00,60447,18.67,13.45,-8.60
5-April-2018,401.90,401.90,391.25,393.95,394.488281671886812830,324065,4262,127839845.00,94020,29.01,10.65,-7.95
4-April-2018,405.00,407.00,393.25,394.50,398.487056776158364150,170089,2449,67778265.00,30679,18.04,13.75,-10.50
3-April-2018,393.50,402.60,391.15,401.65,398.002309396748119714,384516,2829,153038256.00,37267,9.69,11.45,8.15
2-April-2018,401.40,403.00,390.60,394.45,394.701531646349570795,308361,4784,121710559.00,57210,18.55,12.40,-6.95
28-March-2018,412.00,415.00,396.00,398.90,402.321972793806207582,304563,3960,122532387.00,75102,24.66,19.00,-13.10
27-March-2018,420.20,421.70,400.90,411.45,413.129061374427274212,348989,4034,144177498.00,61766,17.70,20.80,-8.75
26-March-2018,412.00,422.95,406.70,421.65,414.223451225530514887,151975,2070,62951609.00,30875,20.32,16.25,9.65
23-March-2018,410.00,419.05,405.40,411.15,410.044838709677419354,703700,9012,288548553.00,278391,39.56,13.65,1.15
22-March-2018,415.25,420.00,412.00,415.25,415.998574956692729060,341744,4985,142165017.00,135465,39.64,8.00,0.00
21-March-2018,407.00,420.00,403.00,418.60,414.235666994602355819,376090,5953,155789892.00,95887,25.50,17.00,11.60
20-March-2018,400.00,403.55,393.50,400.15,398.435052172384589571,250324,3333,99737856.00,41030,16.39,10.05,0.15
19-March-2018,418.50,421.55,397.50,400.80,407.767076341815757306,224975,2942,91737398.00,85732,38.11,24.05,-17.70
16-March-2018,418.00,426.70,415.00,418.20,420.886926036787028428,891673,1821,375293508.00,36838,4.13,11.70,0.20
15-March-2018,421.00,429.00,417.65,420.70,419.705725067581814450,1427529,1844,599142094.00,370428,25.95,11.35,-0.30
14-March-2018,425.90,426.50,418.75,422.50,421.875653949675640960,138581,1481,58463950.00,20575,14.85,7.75,-3.40
13-March-2018,421.50,429.00,420.00,425.90,424.707023102036872148,724395,6108,307655644.00,314668,43.44,9.00,4.40
12-March-2018,403.10,424.80,403.10,420.75,413.454464156732178112,726845,7316,300517310.00,284401,39.13,21.70,17.65
9-March-2018,407.40,408.50,397.80,401.95,403.445578726480451414,398392,4313,160729491.00,128357,32.22,10.70,-5.45
8-March-2018,412.00,414.00,395.00,401.20,404.758262303760245164,653601,8252,264550405.00,154776,23.68,19.00,-10.80
7-March-2018,411.50,416.00,391.10,403.40,403.185840385840385840,824175,7178,332295690.00,344247,41.77,24.90,-8.10
6-March-2018,422.20,427.30,412.00,413.85,419.587904157637412568,243191,1901,102040002.00,52064,21.41,15.30,-8.35
5-March-2018,428.95,428.95,418.00,421.20,422.572495721163169121,118607,1377,50120056.00,9688,8.17,10.95,-7.75
1-March-2018,429.50,436.70,425.05,426.75,431.480569629659654385,370065,2730,159675857.00,175316,47.37,11.65,-2.75
28-February-2018,431.00,433.50,425.35,427.35,428.422899470030953944,341152,2941,146157329.00,140388,41.15,8.15,-3.65
27-February-2018,423.00,433.00,423.00,431.05,428.548792298887682329,170365,2145,73009715.00,54571,32.03,10.00,8.05
26-February-2018,430.00,432.95,420.45,422.30,422.860171501550811895,328860,2596,139061796.00,180805,54.98,12.50,-7.70
23-February-2018,418.10,427.65,417.60,425.45,424.931303263635896478,369741,2554,157114525.00,209579,56.68,10.05,7.35
22-February-2018,424.00,424.00,413.70,416.05,417.672349558189835851,298205,9588,124551983.00,189890,63.68,10.30,-7.95
21-February-2018,418.05,422.30,417.40,419.35,419.299973556524466364,325222,4480,136365576.00,224605,69.06,4.90,1.30
20-February-2018,415.80,422.20,415.50,417.65,419.069101722661940735,199749,5593,83708634.00,68799,34.44,6.70,1.85
19-February-2018,418.65,420.00,403.00,414.15,411.153984591982478227,366173,3257,150553488.00,91765,25.06,17.00,-4.50
16-February-2018,432.00,432.45,418.65,419.45,424.941397694602805389,184003,3297,78190492.00,70371,38.24,13.80,-12.55
15-February-2018,438.00,439.00,426.55,428.30,431.926784705505142781,196489,3452,84868862.00,36361,18.51,12.45,-9.70
14-February-2018,424.15,437.65,424.15,434.20,434.100063401878110569,367497,3513,159530471.00,82484,22.44,13.50,10.05
12-February-2018,433.00,433.00,422.00,424.05,426.252112676056338028,222230,2485,94726007.00,80748,36.34,11.00,-8.95
9-February-2018,425.00,433.75,419.95,421.75,424.891136133491832871,363408,3307,154408838.00,77790,21.41,13.80,-3.25
8-February-2018,432.00,436.00,425.20,429.50,430.588124020258048956,265376,2099,114267754.00,55650,20.97,10.80,-2.50
7-February-2018,448.00,449.15,426.05,429.85,435.933107428267431505,345868,3875,150775312.00,102475,29.63,23.10,-18.15
6-February-2018,420.20,447.50,420.10,438.75,440.250476566708565272,696125,4202,306469363.00,32562,4.68,27.40,18.55
5-February-2018,418.00,445.80,411.80,439.50,434.855754251403030314,519946,7292,226101510.00,63185,12.15,34.00,21.50
2-February-2018,435.20,444.90,415.60,421.80,429.219080148238287515,289264,3458,124157628.00,75421,26.07,29.30,-13.40
1-February-2018,435.00,446.00,430.35,438.05,436.894848429899949586,501847,6251,219254369.00,128859,25.68,15.65,3.05
31-January-2018,441.05,445.75,436.05,439.65,441.410038942559724406,160236,2241,70729779.00,28521,17.80,9.70,-1.40
30-January-2018,439.15,450.75,437.45,440.10,444.211573192506795548,488923,4938,217185255.00,109193,22.33,13.30,0.95
29-January-2018,449.70,449.70,422.20,440.55,440.483834417869754650,673406,9226,296624457.00,267147,39.67,27.50,-9.15
25-January-2018,461.50,466.00,445.10,452.60,454.156109458655562165,924550,5782,419890031.00,550988,59.60,20.90,-8.90
24-January-2018,491.00,491.00,455.30,458.95,470.438977229222603650,3144908,14399,1479487303.00,2315552,73.63,35.70,-32.05
23-January-2018,495.90,498.45,488.00,490.90,493.658711081529304654,2973299,3408,1467794952.00,2738657,92.11,10.45,-5.00
22-January-2018,493.00,497.25,487.75,489.70,490.110880781050338138,604929,3504,296482285.00,347960,57.52,9.50,-3.30
19-January-2018,487.25,500.10,485.00,497.75,492.385435710320066775,787117,6974,387564947.00,364713,46.34,15.10,10.50
18-January-2018,503.00,508.20,493.00,494.50,500.346209157557046169,298311,3478,149258778.00,51842,17.38,15.20,-8.50
17-January-2018,492.10,503.55,491.70,500.35,496.956407328592930918,192670,3658,95748591.00,64170,33.31,11.85,8.25
16-January-2018,509.50,513.45,491.20,496.90,499.147096178538870036,39137203,6752,19535221230.00,38813941,99.17,22.25,-12.60
15-January-2018,510.00,511.45,502.00,504.10,506.825518783588663646,191843,3461,97230928.00,31709,16.53,9.45,-5.90
12-January-2018,518.95,518.95,504.65,509.40,510.170135119226694222,229353,4160,117009051.00,60148,26.23,14.30,-9.55
11-January-2018,507.05,516.75,503.35,514.75,512.780482373587686695,377218,5863,193430028.00,164535,43.62,13.40,7.70
10-January-2018,514.00,517.45,504.30,506.35,509.991198551959643961,321538,4128,163981550.00,102421,31.85,13.15,-7.65
9-January-2018,518.00,524.35,505.05,510.00,515.112150021284381744,1740713,5938,896662416.00,1371309,78.78,19.30,-8.00
8-January-2018,535.00,535.00,514.25,516.10,519.877487788244172802,577722,9877,300344662.00,215746,37.34,20.75,-18.90
5-January-2018,524.00,542.25,518.85,540.00,534.782860055619003374,464949,6076,248646756.00,178942,38.49,23.40,16.00
4-January-2018,520.00,526.50,514.40,522.45,520.308815438165675332,172663,2228,89838081.00,33872,19.62,12.10,2.45
3-January-2018,522.00,525.10,515.50,518.45,521.887075947881206714,195937,1947,102256988.00,47770,24.38,9.60,-3.55
2-January-2018,531.10,532.00,512.20,516.30,520.073049101271372205,182480,2140,94902930.00,37906,20.77,19.80,-14.80
1-January-2018,531.50,537.90,526.00,528.15,532.396054187645613364,141213,1591,75181244.00,13508,9.57,11.90,-3.35
29-December-2017,531.00,538.30,527.00,529.40,531.818783464697861585,210483,1970,111938813.00,55026,26.14,11.30,-1.60
28-December-2017,535.00,545.00,530.10,531.05,533.338428855541493400,110620,2013,58997897.00,24518,22.16,14.90,-3.95
27-December-2017,542.10,547.20,530.75,534.00,540.794896377350887056,307703,3991,166404212.00,103634,33.68,16.45,-8.10
26-December-2017,531.00,546.00,527.00,542.80,536.911940198892077688,449490,2894,241336548.00,201717,44.88,19.00,11.80
22-December-2017,525.05,538.65,524.15,529.10,531.901582853680702817,264080,4933,140464570.00,69906,26.47,14.50,4.05
21-December-2017,528.50,531.65,522.10,523.95,525.490919762294881514,408910,3645,214878492.00,252854,61.84,9.55,-4.55
20-December-2017,539.10,540.75,526.80,528.60,533.693459718198340861,222284,4156,118631517.00,61753,27.78,13.95,-10.50
19-December-2017,526.00,539.95,520.20,536.40,523.725323536362473467,4612310,5054,2415583547.00,4375086,94.86,19.75,10.40
18-December-2017,500.00,531.45,485.00,526.15,499.423159192340863041,3421691,8774,1708871729.00,3127307,91.40,46.45,26.15
15-December-2017,524.00,534.00,516.20,518.95,526.965824081556461831,3337467,2691,1758731048.00,3178461,95.24,17.80,-5.05
14-December-2017,517.00,526.30,511.50,521.00,518.503612026276572283,149639,1719,77588362.00,46036,30.76,14.80,4.00
13-December-2017,528.50,533.50,515.00,516.95,530.137439199272583529,4356239,3882,2309405388.00,4085445,93.78,18.50,-11.55
12-December-2017,532.50,533.40,520.65,523.95,524.876912016497497942,105713,1353,55486313.00,20384,19.28,12.75,-8.55
11-December-2017,526.20,537.80,524.80,532.50,531.780808973694638339,295263,4535,157015197.00,52132,17.66,13.00,6.30
8-December-2017,516.00,530.85,515.00,525.15,524.745253175493690484,434027,7712,227753608.00,125182,28.84,15.85,9.15
7-December-2017,483.15,518.40,480.00,513.35,505.888172259250746954,278464,4388,140871644.00,62924,22.60,38.40,30.20
6-December-2017,488.00,492.60,479.95,483.95,487.916486035038651283,257430,1171,125604341.00,182033,70.71,12.65,-4.05
5-December-2017,485.00,492.00,477.00,490.50,486.362008658968778734,216423,3170,105259925.00,52444,24.23,15.00,5.50
4-December-2017,485.30,491.90,482.65,484.80,488.299503223465714046,143324,1877,69985038.00,39124,27.30,9.25,-0.50
1-December-2017,496.85,496.85,481.75,483.25,489.489793097531564422,209809,2219,102699364.00,38967,18.57,15.10,-13.60
30-November-2017,490.00,499.80,490.00,496.85,496.449050692106247661,128304,1506,63696399.00,49998,38.97,9.80,6.85
29-November-2017,492.75,497.00,490.20,495.70,494.118699055111723914,73977,1403,36553419.00,14777,19.98,6.80,2.95
28-November-2017,500.00,500.40,490.25,492.20,492.892883879720525894,874929,1270,431246278.00,585815,66.96,10.15,-7.80
27-November-2017,498.90,500.00,490.80,498.15,495.471158720142344336,193334,2840,95791421.00,72437,37.47,9.20,-0.75
24-November-2017,497.00,502.20,495.00,496.30,496.554370797788525924,803446,2979,398954623.00,717511,89.30,7.20,-0.70
23-November-2017,501.00,506.75,492.00,496.05,500.574993145050726624,393876,4325,197164476.00,86866,22.05,14.75,-4.95
22-November-2017,505.00,507.60,495.45,498.70,500.317738292194454830,195233,2634,97678533.00,49763,25.49,12.15,-6.30
21-November-2017,490.50,509.00,490.50,503.15,503.005627612996675116,607540,7255,305596039.00,304577,50.13,18.50,12.65
20-November-2017,493.00,496.40,489.00,492.65,492.929964564455373859,313527,10842,154546853.00,168048,53.60,7.40,-0.35
17-November-2017,495.10,505.95,491.15,493.55,499.640044131722378627,499414,7700,249527233.00,206807,41.41,14.80,-1.55
16-November-2017,487.55,494.70,481.50,489.90,489.317982566342604225,517390,7293,253168231.00,211865,40.95,13.20,2.35
15-November-2017,499.50,499.90,483.55,487.35,491.129418677891631972,260372,4783,127876349.00,116795,44.86,16.35,-12.15
14-November-2017,496.10,504.35,495.00,498.05,498.780649503617701497,237720,6510,118570136.00,92235,38.80,9.35,1.95
13-November-2017,506.00,506.00,496.00,498.05,498.641428324548518102,231460,3157,115415545.00,68077,29.41,10.00,-7.95
10-November-2017,507.00,511.35,497.50,501.80,503.834907950308133821,768335,5627,387113994.00,344733,44.87,13.85,-5.20
9-November-2017,503.90,507.00,495.75,503.90,500.899186772738567018,712347,8879,356814033.00,228504,32.08,11.25,0.00
8-November-2017,496.00,506.85,480.00,495.15,483.987700706577365811,279514756,162290,135281704070.00,199916352,71.52,26.85,-0.85
7-November-2017,534.00,536.80,512.00,514.35,524.848837388635557451,389038,3943,204186142.00,93978,24.16,24.80,-19.65
6-November-2017,541.35,544.50,528.00,532.75,535.897555825557665766,339092,4266,181718574.00,51272,15.12,16.50,-8.60
3-November-2017,540.00,565.00,537.70,541.35,544.253203155641322054,185888173,13960,101170233584.00,184890487,99.46,27.30,1.35
2-November-2017,544.00,548.50,530.75,543.10,538.266942068708205378,557488,5934,300077361.00,98116,17.60,17.75,-0.90
1-November-2017,518.00,544.50,509.45,538.40,532.782549347354185559,1582405,19041,843077770.00,184101,11.63,35.05,20.40
31-October-2017,492.80,503.70,487.05,497.65,494.134022705799427105,666790,6777,329483625.00,174236,26.13,16.65,4.85
30-October-2017,490.00,497.75,486.70,492.80,491.752112145399147360,244183,2431,120077506.00,67130,27.49,11.05,2.80
27-October-2017,511.50,511.50,483.25,485.10,493.007128144703586108,222358,3081,109624079.00,34459,15.50,28.25,-26.40
26-October-2017,514.00,519.35,503.05,510.55,515.266728463414088539,715248,2403,368543497.00,492091,68.80,16.30,-3.45
25-October-2017,501.00,519.00,494.30,515.50,507.518850773052400725,594591,6011,301766141.00,125295,21.07,24.70,14.50
24-October-2017,500.00,504.50,494.95,501.65,500.044758131958016482,436457,4900,218248035.00,60753,13.92,9.55,1.65
23-October-2017,472.00,501.45,472.00,497.50,493.946766090410595214,783448,8655,386981606.00,197954,25.27,29.45,25.50
19-October-2017,463.90,477.70,463.40,473.85,471.986382786638579596,106336,1362,50189144.00,20816,19.58,14.30,9.95
18-October-2017,465.95,480.00,457.55,461.55,461.989530877285979326,188650,3067,87154325.00,34404,18.24,22.45,-4.40
17-October-2017,455.25,469.25,455.15,465.95,462.075253858464708154,434888,5519,200950983.00,56279,12.94,14.10,10.70
16-October-2017,435.50,457.40,433.00,453.00,446.003133045746730549,703788,8094,313891653.00,137790,19.58,24.40,17.50
13-October-2017,425.00,436.00,421.00,431.60,428.051016366917737776,3545078,15581,1517474241.00,287654,8.11,15.00,6.60
12-October-2017,404.00,405.00,396.05,400.05,399.731900047365441711,86561,1214,34601193.00,18881,21.81,8.95,-3.95
11-October-2017,380.30,407.00,380.30,403.40,399.664403654549700319,411104,5859,164303635.00,122505,29.80,26.70,23.10
10-October-2017,380.00,386.75,374.80,384.05,379.976194340745549964,73932,1044,28092400.00,17557,23.75,11.95,4.05
9-October-2017,378.50,382.40,377.70,379.40,379.320854148897282807,32828,528,12452345.00,9259,28.20,4.70,0.90
6-October-2017,376.80,383.75,376.80,382.30,381.064717607973421926,22575,403,8602536.00,7366,32.63,6.95,5.50
5-October-2017,376.95,380.90,373.10,377.75,377.015394892660856891,65866,901,24832496.00,11236,17.06,7.80,0.80
4-October-2017,383.50,385.60,375.50,376.95,378.644077477278876118,99797,1269,37787543.00,34184,34.25,10.10,-6.55
3-October-2017,389.65,393.20,384.00,385.65,388.996919075722716815,99970,1228,38888022.00,15818,15.82,9.20,-4.00
29-September-2017,379.00,391.80,379.00,388.65,386.556491488309670127,56628,990,21889921.00,13100,23.13,12.80,9.65
28-September-2017,388.80,388.80,377.50,382.40,381.259506015154391839,57937,961,22089032.00,8614,14.87,11.30,-6.40
27-September-2017,384.50,389.55,384.20,385.35,385.843366632655482523,84286,1064,32521194.00,30063,35.67,5.35,0.85
26-September-2017,386.00,392.50,382.55,387.30,385.155981466740146551,97986,2344,37739894.00,35572,36.30,9.95,1.30
25-September-2017,397.00,397.00,387.35,389.45,390.453183854503309782,44867,699,17518463.00,12262,27.33,9.65,-7.55
22-September-2017,396.00,400.70,391.60,395.10,396.097226397481132224,63203,920,25034533.00,15489,24.51,9.10,-0.90
21-September-2017,390.00,400.95,390.00,399.50,395.970569135673799235,124733,1630,49390597.00,22402,17.96,10.95,9.50
20-September-2017,370.00,398.80,370.00,396.25,390.651855753174633994,412016,4646,160954815.00,71777,17.42,28.80,26.25
19-September-2017,396.00,399.25,390.40,394.70,393.514129382662938266,223152,1012,87813465.00,144353,64.69,8.85,-1.30
18-September-2017,398.00,401.10,395.00,396.80,398.168537634408602150,46500,722,18514837.00,9588,20.62,6.10,-1.20
15-September-2017,399.00,403.00,393.55,395.65,396.683200085175577838,206632,1590,81967443.00,99320,48.07,9.45,-3.35
14-September-2017,407.00,407.00,396.55,398.20,400.487178624310135953,89148,1037,35702631.00,11571,12.98,10.45,-8.80
13-September-2017,406.50,407.50,399.50,401.00,403.612786872556987499,129195,1486,52144754.00,40820,31.60,8.00,-5.50
12-September-2017,405.20,406.75,398.25,404.90,402.014044677420745428,115987,1445,46628403.00,7552,6.51,8.50,-0.30
11-September-2017,405.50,407.20,398.85,401.90,400.931768298501765435,157185,1856,63020460.00,27273,17.35,8.35,-3.60
8-September-2017,393.00,404.80,393.00,403.20,401.249174283739150472,78114,1254,31343178.00,14345,18.36,11.80,10.20
7-September-2017,404.00,406.90,395.00,397.45,401.939160134148097854,97206,1359,39070898.00,24449,25.15,11.90,-6.55
6-September-2017,399.00,405.45,399.00,402.95,403.461393137912121396,49227,774,19861194.00,8445,17.16,6.45,3.95
5-September-2017,415.00,415.00,397.95,406.50,404.541605023368413973,237928,3275,96251775.00,41128,17.29,17.05,-8.50
4-September-2017,422.45,423.00,413.10,415.85,417.084543637574950033,45030,764,18781317.00,9519,21.14,9.90,-6.60
1-September-2017,429.00,430.15,421.50,422.45,424.031609375000000000,64000,1015,27138023.00,15299,23.90,8.65,-6.55
31-August-2017,432.00,432.00,424.30,427.85,426.827567966539549760,81290,1366,34696813.00,8634,10.62,7.70,-4.15
30-August-2017,430.00,432.10,427.95,429.20,429.292234370619568264,35670,685,15312854.00,5958,16.70,4.15,-0.80
29-August-2017,434.95,434.95,427.45,428.40,429.051504486194418281,40346,581,17310512.00,7068,17.52,7.50,-6.55
28-August-2017,432.00,438.00,430.50,434.95,434.315690388595079328,69584,1026,30221423.00,18233,26.20,7.50,2.95
24-August-2017,433.50,434.00,428.40,432.85,431.139715200068729998,46559,1149,20073434.00,11632,24.98,5.60,-0.65
23-August-2017,424.35,434.05,424.35,431.80,430.557257261963531504,255234,4102,109892851.00,67587,26.48,9.70,7.45
22-August-2017,425.00,425.00,417.05,421.65,420.030676168236378833,116051,1463,48744980.00,58114,50.08,7.95,-3.35
21-August-2017,421.00,425.80,417.95,419.00,421.576846307385229540,48096,1272,20276160.00,16161,33.60,7.85,-2.00
18-August-2017,415.50,422.60,413.25,421.60,419.966465097767335567,77889,2082,32710768.00,18794,24.13,9.35,6.10
17-August-2017,407.95,420.00,407.95,416.55,414.862317541422019033,267732,2733,111071918.00,127946,47.79,12.05,8.60
16-August-2017,410.00,410.65,403.70,406.65,406.292968750000000000,86528,1504,35155718.00,25074,28.98,6.95,-3.35
14-August-2017,405.20,414.35,405.20,408.55,410.291937319530244370,201211,2221,82555251.00,17059,8.48,9.15,3.35
11-August-2017,415.00,417.90,410.40,414.65,414.540234964828932346,54306,980,22512022.00,11734,21.61,7.50,-0.35
10-August-2017,406.25,420.75,406.25,416.25,417.477122781713817937,102613,1068,42838580.00,21424,20.88,14.50,10.00
9-August-2017,418.50,419.00,412.10,416.60,414.474411234140945015,100337,1084,41587119.00,11942,11.90,6.90,-1.90
8-August-2017,420.00,425.35,414.45,418.00,418.041785542446277183,147563,1741,61687500.00,22368,15.16,10.90,-2.00
7-August-2017,418.00,422.50,416.65,417.70,420.810539530275394627,177636,1645,74751101.00,40317,22.70,5.85,-0.30
4-August-2017,424.25,424.25,411.70,420.95,417.380271755509814105,155949,1878,65090036.00,33374,21.40,12.55,-3.30
3-August-2017,415.00,425.05,413.55,424.25,418.188481086166769455,222139,2794,92895971.00,100063,45.05,11.50,9.25
2-August-2017,420.00,422.55,414.00,415.90,416.613409230570199553,92757,2057,38643810.00,33308,35.91,8.55,-4.10
1-August-2017,415.65,422.20,413.75,416.45,417.685128907293614747,119776,1594,50028654.00,52757,44.05,8.45,0.80
31-July-2017,413.50,421.65,410.00,417.80,414.778059811703895144,108340,1220,44937055.00,33910,31.30,11.65,4.30
28-July-2017,414.90,415.40,408.45,413.35,411.686423305160942276,111220,1746,45787764.00,30446,27.37,6.95,-1.55
27-July-2017,429.90,429.90,411.95,416.00,417.309259618680288570,242159,4259,101055193.00,87534,36.15,17.95,-13.90
26-July-2017,428.50,430.00,421.65,426.25,425.386605132404116344,429896,7477,182872000.00,184116,42.83,8.35,-2.25
25-July-2017,421.10,431.00,419.20,427.60,425.825111052473239001,594989,5432,253361257.00,146241,24.58,11.80,6.50
24-July-2017,409.50,422.00,407.40,420.20,416.062699246486016519,220832,3198,91879958.00,51163,23.17,14.60,10.70
21-July-2017,417.00,417.00,403.00,411.15,408.846219399586170787,912937,7451,373250841.00,412669,45.20,14.00,-5.85
20-July-2017,421.95,424.00,416.25,419.75,419.728501796175115894,134174,1632,56316652.00,32317,24.09,7.75,-2.20
19-July-2017,408.30,422.40,407.85,421.35,418.245643456069996354,370305,4913,154878453.00,98865,26.70,14.55,13.05
18-July-2017,408.25,429.60,398.80,408.25,414.995891497310363936,313983,4148,130301655.00,45254,14.41,30.80,0.00
17-July-2017,408.00,409.90,406.30,408.60,407.967867693677408911,74131,1017,30243066.00,29311,39.54,3.60,0.60
14-July-2017,403.05,407.80,402.55,405.60,405.604069097888675623,130250,1494,52829930.00,39456,30.29,5.25,2.55
13-July-2017,400.00,405.00,399.05,402.95,401.042896577107103422,163020,1552,65378013.00,72439,44.44,5.95,2.95
12-July-2017,398.00,404.00,394.30,397.20,396.909360628986797211,411201,3761,163209526.00,154740,37.63,9.70,-0.80
11-July-2017,405.00,409.00,392.95,395.45,401.350702879073177042,556568,6042,223378958.00,180159,32.37,16.05,-9.55
10-July-2017,386.00,410.00,384.70,405.40,401.130305002224203216,3963217,39034,1589766444.00,2581686,65.14,25.30,19.40
7-July-2017,382.00,386.00,382.00,384.65,384.810316975984492228,111428,1665,42878644.00,32164,28.87,4.00,2.65
6-July-2017,379.00,382.70,374.15,381.40,380.251700956120880997,468560,1645,178170737.00,385185,82.21,8.55,2.40
5-July-2017,384.00,384.00,373.35,376.30,375.550327272727272727,68750,1477,25819085.00,20909,30.41,10.65,-7.70
4-July-2017,384.95,384.95,378.05,379.30,379.675022262642338808,52779,635,20038868.00,7032,13.32,6.90,-5.65
3-July-2017,382.00,383.90,377.20,381.85,379.835694836155525841,266991,1269,101412712.00,204457,76.58,6.70,-0.15
30-June-2017,382.00,382.35,372.75,379.15,377.493096135361518392,131086,1680,49484060.00,28954,22.09,9.60,-2.85
29-June-2017,377.00,386.45,376.95,382.60,383.109032989504288009,287546,5010,110161470.00,130646,45.43,9.50,5.60
28-June-2017,372.00,381.50,367.70,377.35,374.223486428321182496,179823,2345,67293990.00,62609,34.82,13.80,5.35
27-June-2017,365.50,375.60,365.50,371.80,371.168615004595588235,278528,1996,103380852.00,160851,57.75,10.10,6.30
23-June-2017,365.75,368.20,363.40,365.90,365.488869711683423616,192358,3369,70304708.00,72823,37.86,4.80,0.15
22-June-2017,366.80,368.75,362.00,365.45,367.486946178665111374,348059,1551,127907139.00,265910,76.40,6.75,-1.35
21-June-2017,367.00,367.80,364.55,366.05,366.704368832086483275,888773,2281,325916942.00,786328,88.47,3.25,-0.95
20-June-2017,368.00,370.40,365.00,366.00,367.132244806905250152,116549,1339,42788896.00,44788,38.43,5.40,-2.00
19-June-2017,365.00,368.55,364.70,367.05,366.891578020733298859,324888,2878,119198671.00,238456,73.40,3.85,2.05
16-June-2017,365.30,367.50,361.00,364.75,363.998376490490872875,73298,1133,26680353.00,27666,37.74,6.50,-0.55
15-June-2017,364.50,370.20,364.00,365.00,367.022228359570497208,119487,1725,43854385.00,49252,41.22,6.20,0.50
14-June-2017,363.00,369.00,361.40,365.10,364.841231382516708876,109373,709,39903780.00,8142,7.44,7.60,2.10
13-June-2017,365.40,368.60,362.20,363.55,363.610729764818906353,1593623,1845,579458422.00,1547298,97.09,6.40,-1.85
12-June-2017,368.00,371.75,363.50,365.40,366.478761911797296299,135370,1676,49610230.00,60936,45.01,8.25,-2.60
9-June-2017,368.75,371.15,366.70,367.90,368.104945945945945945,185000,2527,68099415.00,123042,66.51,4.45,-0.85
8-June-2017,373.00,373.85,367.30,368.40,369.174577268723938006,239573,4426,88444261.00,97000,40.49,6.55,-4.60
7-June-2017,375.00,375.40,370.20,372.70,373.090428054580685375,147598,2796,55067401.00,82484,55.88,5.20,-2.30
6-June-2017,372.35,372.50,367.50,368.35,368.359746536851599176,648615,3829,238923657.00,443236,68.34,5.00,-4.00
5-June-2017,373.00,377.25,371.30,372.35,372.946711549202228025,331235,1281,123533004.00,253861,76.64,5.95,-0.65
2-June-2017,373.20,381.35,369.95,373.15,375.622683784921675756,206641,3040,77619047.00,41071,19.88,11.40,-0.05
1-June-2017,370.00,373.00,365.75,367.15,368.230927491647970530,102071,1956,37585699.00,39575,38.77,7.25,-2.85
31-May-2017,371.00,376.50,368.20,371.80,371.616577771970254923,1010184,6581,375401121.00,635345,62.89,8.30,0.80
30-May-2017,373.00,376.70,368.75,369.75,371.228082319152013554,290382,2884,107797953.00,144555,49.78,7.95,-3.25
29-May-2017,373.50,378.45,367.90,373.05,373.700129772719155167,83993,1490,31388195.00,6703,7.98,10.55,-0.45
26-May-2017,368.00,380.10,367.65,373.70,375.407081495240306477,129210,3417,48506349.00,50667,39.21,12.45,5.70
25-May-2017,366.15,376.20,361.15,369.55,371.363667333364624229,660469,8033,245274190.00,345539,52.32,15.05,3.40
24-May-2017,368.00,373.00,361.60,368.50,369.527434334225970030,175510,4223,64855760.00,56747,32.33,11.40,0.50
23-May-2017,373.50,376.00,370.20,371.45,372.990223931827777473,1241092,3346,462915183.00,1108538,89.32,5.80,-2.05
22-May-2017,371.00,378.20,371.00,371.90,374.240057845263919016,74682,1619,27948996.00,13853,18.55,7.20,0.90
19-May-2017,375.00,379.25,368.55,372.55,373.996723592222879204,143755,2431,53763899.00,43179,30.04,10.70,-2.45
18-May-2017,373.00,381.50,368.60,370.80,375.325407775614734733,105818,1810,39716184.00,19417,18.35,12.90,-2.20
17-May-2017,374.70,380.50,370.50,376.00,376.782193654669275008,135974,2697,51232582.00,32729,24.07,10.00,1.30
16-May-2017,367.00,377.40,367.00,374.70,374.586618300070981693,242316,3912,90768331.00,44970,18.56,10.40,7.70
15-May-2017,365.00,369.50,361.65,363.85,364.953845573250811381,132490,3093,48352735.00,46133,34.82,7.85,-1.15
12-May-2017,362.15,370.55,361.55,364.90,364.875466022025248455,279225,2454,101882352.00,129349,46.32,9.00,2.75
11-May-2017,371.70,371.70,362.65,366.10,365.754552463601807358,557720,5173,203988629.00,239552,42.95,9.05,-5.60
10-May-2017,337.00,380.05,336.95,372.70,364.276991457842053249,1635184,24044,595659908.00,259576,15.87,43.10,35.70
9-May-2017,350.00,350.50,343.40,345.50,346.784322281371884293,148963,2509,51658033.00,28038,18.82,7.10,-4.50
8-May-2017,344.75,355.25,344.70,351.25,350.352336572146209266,121032,1901,42403844.00,46278,38.24,10.55,6.50
5-May-2017,345.95,348.75,343.00,344.65,345.394831245888208934,80561,1219,27825353.00,14927,18.53,5.75,-1.30
4-May-2017,347.75,351.30,343.80,345.90,347.218921010447183682,72364,1403,25126150.00,23525,32.51,7.50,-1.85
3-May-2017,347.50,350.10,344.05,346.45,347.236574827450760338,71284,920,24752412.00,19067,26.75,6.05,-1.05
2-May-2017,350.15,355.30,346.15,347.50,349.939415775678037092,111019,1431,38849924.00,23651,21.30,9.15,-2.65
28-April-2017,356.40,357.85,350.55,354.60,354.150635714617564616,129146,2074,45737138.00,30958,23.97,7.30,-1.80
27-April-2017,356.45,361.35,353.80,357.95,358.167851519633570303,146713,1999,52547880.00,23830,16.24,7.55,1.50
26-April-2017,350.10,359.95,350.10,357.95,356.926719414966068758,165187,3028,58959654.00,38252,23.16,9.85,7.85
25-April-2017,342.50,359.85,341.60,354.15,353.157530738648715369,271401,3887,95847307.00,61632,22.71,18.25,11.65
24-April-2017,343.00,347.00,339.00,343.25,341.943333985382248857,112466,1407,38456999.00,24799,22.05,8.00,0.25
21-April-2017,343.00,346.15,340.70,342.85,343.892052625949299390,93490,1596,32150468.00,26668,28.52,5.45,-0.15
20-April-2017,340.00,343.70,338.05,342.60,341.361277665717996186,72382,1387,24708412.00,19691,27.20,5.65,2.60
19-April-2017,340.00,341.60,333.25,340.00,337.619365700010861301,73656,1343,24867692.00,18298,24.84,8.35,0.00
18-April-2017,341.10,343.50,336.35,338.55,340.259935984290623465,1273125,2068,433193431.00,1135928,89.22,7.15,-2.55
17-April-2017,342.00,343.30,337.00,341.15,340.857197911922362750,57086,1046,19458174.00,11724,20.54,6.30,-0.85
13-April-2017,350.50,352.00,339.10,340.55,342.697904259599335545,251033,3048,86028483.00,55375,22.06,12.90,-9.95
12-April-2017,348.00,353.80,346.25,351.20,350.283588424758432997,120153,1845,42087624.00,21590,17.97,7.55,3.20
11-April-2017,345.00,355.50,343.70,350.20,349.861095839480439348,252829,3702,88455031.00,92872,36.73,11.80,5.20
10-April-2017,345.10,348.00,342.00,345.50,345.389854322265769429,94661,1259,32694949.00,20115,21.25,6.00,0.40
7-April-2017,342.65,350.50,342.30,344.50,346.883483512016934032,378882,3421,131427908.00,108903,28.74,8.20,1.85
6-April-2017,344.50,344.50,337.70,341.65,340.774886696880831778,131285,1858,44738631.00,27734,21.13,6.80,-2.85
5-April-2017,342.00,347.20,339.00,344.60,344.017750924784217016,202750,3494,69749599.00,63419,31.28,8.20,2.60
3-April-2017,350.00,350.00,336.00,341.65,338.810780744673410183,900717,6794,305172630.00,627808,69.70,14.00,-8.35
31-March-2017,351.00,352.05,345.00,349.95,348.438471668747541432,175407,2892,61118547.00,46097,26.28,7.05,-1.05
30-March-2017,346.00,352.00,342.50,350.65,343.486418025683960881,6139240,3043,2108745557.00,5987142,97.52,9.50,4.65
29-March-2017,342.90,346.30,341.20,344.90,343.402389970345576793,170295,2169,58479710.00,43626,25.62,5.10,2.00
28-March-2017,339.00,343.40,338.45,340.65,340.874142100470926874,102139,1559,34816544.00,25929,25.39,4.95,1.65
27-March-2017,343.00,343.00,335.20,338.60,338.863145027178634366,161156,3679,54609829.00,47017,29.17,7.80,-4.40
24-March-2017,341.60,348.00,337.90,340.40,341.952849760242490496,321992,8363,110106082.00,105254,32.69,10.10,-1.20
23-March-2017,340.00,341.50,335.65,338.40,338.652045164331711603,218491,10476,73992424.00,89992,41.19,5.85,-1.60
22-March-2017,349.50,349.50,325.50,338.50,338.944211322831395748,363425,9313,123180800.00,110067,30.29,24.00,-11.00
21-March-2017,348.00,351.50,345.20,349.60,348.153354455390630957,144241,3217,50217988.00,36692,25.44,6.30,1.60
20-March-2017,346.00,351.80,339.15,349.45,346.406235474320939127,320553,4099,111041558.00,35816,11.17,12.65,3.45
17-March-2017,362.80,362.85,343.05,346.80,350.963663716655351145,334349,3798,117344350.00,145950,43.65,19.80,-16.00
16-March-2017,365.20,366.00,359.40,360.25,360.443019296953080268,487279,2409,175636314.00,365778,75.07,6.60,-4.95
15-March-2017,359.95,365.80,356.55,363.15,361.626174306543745237,296558,5417,107243135.00,79837,26.92,9.25,3.20
14-March-2017,366.10,369.45,359.10,361.35,362.524832757368529123,10884635,4659,3945950483.00,10616189,97.53,10.35,-4.75
10-March-2017,361.00,366.00,360.20,364.80,364.428105427846798379,3054563,2574,1113168607.00,2886769,94.51,5.80,3.80
9-March-2017,359.15,362.00,356.65,360.40,359.950203988798385147,70347,1575,25321417.00,15267,21.70,5.35,1.25
8-March-2017,360.80,364.15,358.40,360.75,361.413300123644664257,168224,3203,60798391.00,49058,29.16,5.75,-0.05
7-March-2017,362.00,362.30,356.65,361.20,359.951570714796618930,191537,2762,68944044.00,31541,16.47,5.65,-0.80
6-March-2017,361.95,363.75,357.35,362.05,360.609518309299933223,277045,4532,99905064.00,57937,20.91,6.40,0.10
3-March-2017,357.50,361.35,353.20,355.60,356.840744836181248358,163687,2676,58410191.00,30769,18.80,8.15,-1.90
2-March-2017,365.00,366.10,352.55,356.40,358.653344518869037475,228867,3626,82083915.00,43957,19.21,13.55,-8.60
1-March-2017,368.00,368.15,361.15,362.60,363.363442530573704329,131322,2112,47717614.00,25101,19.11,7.00,-5.40
28-February-2017,358.00,373.00,357.00,365.15,362.891899286831978087,676138,9218,245365003.00,106564,15.76,16.00,7.15
27-February-2017,369.90,370.00,353.10,355.70,358.480096706174863262,436787,6581,156579446.00,64219,14.70,16.90,-14.20
23-February-2017,371.80,400.65,363.50,366.05,379.695445401466131465,2139508,29119,812361443.00,345727,16.16,37.15,-5.75
22-February-2017,363.00,372.30,359.75,361.15,364.841271565519997206,257761,3892,94041851.00,51325,19.91,12.55,-1.85
21-February-2017,375.00,376.90,359.60,362.95,367.417690594046245540,376166,5534,138210043.00,45851,12.19,17.30,-12.05
20-February-2017,369.50,379.05,369.50,375.65,376.394449944605520590,169692,2492,63871127.00,48944,28.84,9.55,6.15
17-February-2017,366.20,372.10,362.55,369.50,366.604976766522147896,147847,2082,54201446.00,46748,31.62,9.55,3.30
16-February-2017,361.05,368.90,360.30,366.20,365.992023928215353938,96288,1486,35240640.00,16999,17.65,8.60,5.15
15-February-2017,370.00,372.40,360.10,365.35,366.227175796348127415,225090,3048,82434075.00,47609,21.15,12.30,-4.65
14-February-2017,356.65,370.00,355.00,369.00,365.236620469760292679,157442,2994,57503584.00,40342,25.62,15.00,12.35
13-February-2017,354.20,360.00,353.70,358.15,357.696627169732876000,76968,1196,27531194.00,22189,28.83,6.30,3.95
10-February-2017,355.50,360.00,355.10,357.75,357.289237417255597352,232342,3339,83013296.00,88580,38.12,4.90,2.25
9-February-2017,353.00,358.00,350.60,355.50,354.424937641669590948,105439,1418,37370211.00,16667,15.81,7.40,2.50
8-February-2017,353.00,354.75,347.10,352.80,351.097756665014634511,106939,1471,37546043.00,15582,14.57,7.65,-0.20
7-February-2017,353.50,358.50,350.15,352.15,354.796553743011629108,87109,1500,30905973.00,8905,10.22,8.35,-1.35
6-February-2017,355.00,356.80,352.45,354.60,354.305245041381579502,118531,1928,41996155.00,29189,24.63,4.35,-0.40
3-February-2017,353.00,361.55,352.00,353.65,355.211733477354078449,174049,2609,61824247.00,38425,22.08,9.55,0.65
2-February-2017,344.00,360.00,344.00,353.50,354.444199372746724506,272936,4105,96740582.00,59738,21.89,16.00,9.50
1-February-2017,347.90,349.30,340.80,345.05,344.360199484869318939,974510,2292,335582458.00,855381,87.78,8.50,-2.85
31-January-2017,348.40,353.05,343.25,347.90,348.590953944871489947,395222,9245,137770814.00,61306,15.51,9.80,-0.50
30-January-2017,323.90,370.00,322.50,347.65,350.168602790825013047,1168830,23566,409287568.00,123507,10.57,47.50,23.75
27-January-2017,311.00,326.70,310.95,323.45,318.812843469941955992,233099,3524,74314955.00,65878,28.26,15.75,12.45
25-January-2017,304.10,314.20,304.10,311.55,309.749525786745926246,468671,8931,145170620.00,68858,14.69,10.10,7.45
24-January-2017,319.90,319.90,314.75,316.35,316.181602273209211586,94316,2660,29820984.00,25120,26.63,5.15,-3.55
23-January-2017,320.00,320.80,315.60,319.40,318.418809596619499040,71942,1810,22907686.00,6444,8.96,5.20,-0.60
20-January-2017,319.00,326.90,315.60,320.70,322.350151897924594672,156355,2989,50401058.00,26216,16.77,11.30,1.70
19-January-2017,314.00,322.50,311.00,316.55,318.921250038524362807,162235,2368,51740189.00,43461,26.79,11.50,2.55
18-January-2017,317.90,318.35,311.40,313.70,314.305265562342430754,118202,3014,37151511.00,31844,26.94,6.95,-4.20
17-January-2017,319.95,319.95,316.00,317.55,317.833759171907756813,61056,1573,19405658.00,16941,27.75,3.95,-2.40
16-January-2017,320.00,323.00,316.90,317.90,319.003611056398135381,121848,2143,38869952.00,17005,13.96,6.10,-2.10
13-January-2017,319.90,325.00,316.05,320.05,321.025025233614430371,153565,2624,49298208.00,21546,14.03,8.95,0.15
12-January-2017,323.00,325.20,320.10,321.65,322.204148764769065520,134064,5801,43195977.00,19055,14.21,5.10,-1.35
11-January-2017,322.00,324.60,318.70,322.85,322.763741215600021458,186410,9998,60166389.00,37291,20.00,5.90,0.85
10-January-2017,319.20,321.00,317.10,320.10,319.394278735691664424,48311,874,15430257.00,16964,35.11,3.90,0.90
9-January-2017,317.10,321.40,316.60,319.00,318.591660717667798190,68639,1720,21867813.00,10764,15.68,4.80,1.90
6-January-2017,322.80,324.70,318.35,319.90,322.424103441127694859,115776,2289,37328973.00,23808,20.56,6.35,-2.90
5-January-2017,314.00,322.45,310.25,321.15,317.830253641772671317,155968,2665,49571349.00,39016,25.02,12.20,7.15
4-January-2017,302.20,315.40,299.55,314.20,305.196042246004325721,356010,4663,108652843.00,124770,35.05,15.85,12.00
3-January-2017,313.00,313.90,300.00,303.65,306.540716139338414037,158377,2391,48548999.00,56737,35.82,13.90,-9.35
2-January-2017,305.25,312.45,303.10,311.00,309.675246127482275461,119044,1933,36864980.00,33642,28.26,9.35,5.75
30-December-2016,303.10,306.95,300.70,305.35,302.945776446374500274,92801,2015,28113671.00,12288,13.24,6.25,2.25
29-December-2016,299.75,304.75,297.75,303.10,300.732414094425454265,77818,1282,23402395.00,21602,27.76,7.00,3.35
28-December-2016,299.50,303.60,297.00,300.20,300.153216769910568933,94598,2031,28393894.00,12465,13.18,6.60,0.70
27-December-2016,297.75,303.00,291.50,299.40,296.480709625999940962,101631,1777,30131631.00,18920,18.62,11.50,1.65
26-December-2016,301.00,301.00,289.25,296.25,293.384119528765958269,103473,1818,30357335.00,25533,24.68,11.75,-4.75
23-December-2016,294.10,297.00,291.60,295.50,294.199258208480577997,279863,1222,82335487.00,230859,82.49,5.40,1.40
22-December-2016,302.15,302.15,291.05,293.15,295.370399993726818634,127527,2770,37667701.00,59498,46.66,11.10,-9.00
21-December-2016,304.40,306.45,300.55,302.15,302.757195243915990665,89990,1678,27245120.00,14717,16.35,5.90,-2.25
20-December-2016,304.10,306.40,299.50,302.25,301.796463454149886589,108015,1950,32598545.00,37384,34.61,6.90,-1.85
19-December-2016,309.95,311.55,304.10,305.10,306.948355959946081263,83088,1680,25503725.00,36265,43.65,7.45,-4.85
16-December-2016,318.45,319.00,308.10,309.95,311.700064186052308516,160471,3764,50018821.00,55020,34.29,10.90,-8.50
15-December-2016,320.00,322.00,317.45,318.45,319.384510002517461228,170807,5609,54553110.00,50070,29.31,4.55,-1.55
14-December-2016,329.70,329.70,321.55,322.45,325.094747012659226249,50714,5261,16486855.00,21875,43.13,8.15,-7.25
13-December-2016,326.65,330.75,326.15,329.85,329.168290342280512984,34387,4819,11319110.00,10788,31.37,4.60,3.20
12-December-2016,330.00,330.00,326.45,327.85,328.357336987552814890,131355,5653,43131378.00,10823,8.24,3.55,-2.15
9-December-2016,335.00,337.05,328.00,331.00,331.660162663506181430,183938,13895,61004907.00,33639,18.29,9.05,-4.00
8-December-2016,329.00,333.25,328.10,331.70,331.747921506598784044,101155,7800,33557961.00,33190,32.81,5.15,2.70
7-December-2016,330.00,334.60,325.40,328.90,330.238194008533245999,109923,2758,36300773.00,14045,12.78,9.20,-1.10
6-December-2016,326.85,331.85,325.20,329.05,328.783920100207878044,150088,2957,49346521.00,23743,15.82,6.65,2.20
5-December-2016,318.00,328.90,318.00,327.45,325.517879179862319163,134514,2156,43786712.00,26370,19.60,10.90,9.45
2-December-2016,316.90,321.30,315.00,318.75,318.338172813762543985,115095,2003,36639132.00,30061,26.12,6.30,1.85
1-December-2016,325.55,325.55,314.00,319.10,319.376798882213710512,226877,4048,72459250.00,17482,7.71,11.55,-6.45
30-November-2016,324.10,326.80,323.10,324.50,325.031156300020289920,88714,1574,28834814.00,11510,12.97,3.70,0.40
29-November-2016,321.00,325.00,316.90,324.20,322.255371036453151705,196005,2863,63163664.00,59598,30.41,8.10,3.20
28-November-2016,301.00,319.20,301.00,317.50,313.647747837199842414,312211,4955,97924277.00,55703,17.84,18.20,16.50
25-November-2016,308.00,308.00,298.65,300.85,301.171196819939836699,130312,2831,39246221.00,33668,25.84,9.35,-7.15
24-November-2016,299.00,303.55,298.30,301.50,300.667117677173992540,109384,3093,32888172.00,23004,21.03,5.25,2.50
23-November-2016,304.05,308.00,299.00,300.35,302.144076786552153246,98038,2265,29621601.00,23034,23.49,9.00,-3.70
22-November-2016,300.00,305.20,295.35,304.05,299.555488909488582316,165051,2330,49441933.00,58206,35.27,9.85,4.05
21-November-2016,302.50,305.40,297.55,299.50,300.498527112822094371,94033,1579,28256778.00,20805,22.13,7.85,-3.00
18-November-2016,301.70,303.90,295.60,303.00,300.073328676583694147,396557,2135,118996179.00,261062,65.83,8.30,1.30
17-November-2016,310.10,315.30,295.05,296.35,303.174081353379315411,435532,6330,132042014.00,177707,40.80,20.25,-13.75
16-November-2016,305.00,311.30,303.50,309.55,307.830208099272993483,137963,1848,42469179.00,49091,35.58,7.80,4.55
15-November-2016,303.00,305.00,294.35,302.90,299.569209613774961138,83630,1881,25052973.00,14705,17.58,10.65,-0.10
11-November-2016,308.20,308.20,298.60,301.75,301.913987009436541380,106077,1810,32026130.00,38677,36.46,9.60,-6.45
10-November-2016,305.00,314.00,304.15,308.20,310.017000955109837631,83760,1706,25967024.00,24952,29.79,9.85,3.20
9-November-2016,295.00,305.20,283.95,301.05,292.497188932043679671,240478,5677,70339139.00,110223,45.83,21.25,6.05
8-November-2016,305.70,306.90,301.50,305.00,304.114056267997352935,55911,1085,17003321.00,15046,26.91,5.40,-0.70
7-November-2016,310.00,310.00,303.05,305.30,306.307033610710799126,107555,1936,32944853.00,14212,13.21,6.95,-4.70
4-November-2016,310.00,310.70,304.50,306.80,307.211319266085847140,119142,1931,36601771.00,12410,10.42,6.20,-3.20
3-November-2016,309.50,315.25,305.80,309.55,311.019687587139407267,190069,3111,59115201.00,15906,8.37,9.45,0.05
2-November-2016,314.65,315.70,308.55,309.50,313.745073071576266632,85601,1543,26856892.00,9201,10.75,7.15,-5.15
1-November-2016,320.00,320.60,315.95,316.70,317.796356325780008103,64166,1306,20391721.00,10582,16.49,4.65,-3.30
30-October-2016,323.95,323.95,317.00,318.50,319.274935815147625160,31160,540,9948607.00,4061,13.03,6.95,-5.45
28-October-2016,323.05,323.10,317.85,318.65,319.625713184978627382,109018,1736,34844956.00,19061,17.48,5.25,-4.40
27-October-2016,316.40,325.00,313.80,323.05,319.336249309624626245,157523,2067,50302804.00,36752,23.33,11.20,6.65
26-October-2016,317.50,322.75,315.05,318.05,318.684481634308197296,364974,5459,116311550.00,71940,19.71,7.70,0.55
25-October-2016,304.00,311.90,301.90,311.05,307.487592922985429675,134520,2136,41363231.00,14392,10.70,10.00,7.05
24-October-2016,307.00,308.00,303.90,306.50,306.789186239394346249,461782,3268,141669724.00,370248,80.18,4.10,-0.50
21-October-2016,313.50,313.50,305.90,309.40,307.922763689819919147,68025,1294,20946446.00,14647,21.53,7.60,-4.10
20-October-2016,305.05,310.60,305.05,309.30,308.269309960520599180,158817,2554,48958407.00,25949,16.34,5.55,4.25
19-October-2016,307.00,309.50,304.00,307.30,306.842512744421102116,68069,1591,20886463.00,12215,17.95,5.50,0.30
18-October-2016,301.05,307.50,297.55,306.40,302.536537710042985541,127950,3683,38709550.00,18688,14.61,9.95,5.35
17-October-2016,306.00,306.00,296.60,301.25,300.155240064129609315,237020,4072,71142795.00,41305,17.43,9.40,-4.75
14-October-2016,307.05,308.00,300.25,305.85,304.732769762071230322,94398,1946,28766164.00,14475,15.33,7.75,-1.20
13-October-2016,315.00,315.00,305.60,306.55,309.978902724158555815,110346,1862,34204932.00,31428,28.48,9.40,-8.45
10-October-2016,319.50,319.90,315.25,316.10,316.471631568186464935,117384,1910,37148706.00,11494,9.79,4.65,-3.40
7-October-2016,323.00,324.30,317.75,320.15,320.793717644994296744,170955,2500,54841290.00,17596,10.29,6.55,-2.85
6-October-2016,325.00,325.10,319.60,322.85,322.808107775524726200,186907,2495,60335095.00,17592,9.41,5.50,-2.15
5-October-2016,316.35,326.20,316.35,322.10,323.957033259198620659,138037,2568,44718057.00,22134,16.03,9.85,5.75
4-October-2016,317.00,324.20,316.05,323.45,320.578476099991933243,111569,1927,35766620.00,14022,12.57,8.15,6.45
3-October-2016,315.00,319.75,315.00,318.75,317.812053855396141070,56596,1202,17986891.00,9410,16.63,4.75,3.75
30-September-2016,311.10,316.30,308.50,314.05,311.863938190822692877,144574,3464,45087417.00,15934,11.02,7.80,2.95
29-September-2016,322.00,323.45,314.00,315.50,318.511409305310083191,88831,1911,28293687.00,16463,18.53,9.45,-6.50
28-September-2016,314.00,324.20,311.05,322.45,318.101299215616137356,156556,2378,49800667.00,33747,21.56,13.15,8.45
27-September-2016,320.05,324.50,313.10,314.00,315.917770310338011464,121416,2685,38357472.00,31277,25.76,11.40,-6.05
26-September-2016,327.00,328.60,319.20,320.45,321.645764797249539699,114599,2369,36860283.00,33278,29.04,9.40,-6.55
23-September-2016,327.20,330.00,324.20,327.45,328.326644574378256089,125534,2315,41216157.00,45961,36.61,5.80,0.25
22-September-2016,325.00,328.10,322.80,327.20,325.684035860124233516,150362,3151,48970503.00,70826,47.10,5.30,2.20
21-September-2016,319.80,322.95,319.05,321.90,320.790495258166491043,142350,2401,45664527.00,35308,24.80,3.90,2.10
20-September-2016,323.85,324.10,318.40,319.80,320.494659984084658448,143258,2299,45913424.00,26213,18.30,5.70,-4.05
19-September-2016,323.50,325.40,321.00,324.05,323.225939370931897090,252882,3906,81738022.00,19477,7.70,4.40,0.55
16-September-2016,323.00,325.90,320.10,323.50,323.567550181333383056,107261,3053,34706179.00,23760,22.15,5.80,0.50
15-September-2016,319.30,324.15,317.40,321.80,321.268843572534847702,162708,2604,52273011.00,42785,26.30,6.75,2.50
14-September-2016,318.00,322.90,318.00,319.30,320.063279414202279618,102561,1713,32826010.00,14554,14.19,4.90,1.30
12-September-2016,320.00,321.55,314.50,318.00,319.128002171347055741,475281,6363,151675476.00,212658,44.74,7.05,-2.00
9-September-2016,327.50,327.50,318.85,321.95,322.677472838278034603,153801,2188,49628118.00,23543,15.31,8.65,-5.55
8-September-2016,321.50,326.95,316.20,323.35,323.311242483036585235,186578,2810,60322765.00,42997,23.05,10.75,1.85
7-September-2016,319.70,322.00,316.35,320.60,319.462111545904773724,257849,4133,82372986.00,45284,17.56,5.65,0.90
6-September-2016,318.95,322.90,312.80,321.65,316.304410901213876509,958829,8839,303281842.00,532894,55.58,10.10,2.70
2-September-2016,308.95,320.70,306.50,318.95,313.405353912369740397,1653333,18719,518163414.00,382420,23.13,14.20,10.00
1-September-2016,331.00,332.15,302.00,310.70,310.417263088220497609,7215534,39282,2239826316.00,5092070,70.57,30.15,-20.30
31-August-2016,332.00,336.85,329.00,331.85,332.303015853483459463,195036,3179,64811051.00,42639,21.86,7.85,-0.15
30-August-2016,341.00,342.65,329.35,332.10,333.565840399036902634,289898,4971,96700070.00,81526,28.12,13.30,-8.90
29-August-2016,343.00,347.50,335.35,341.75,341.139710303655027273,186264,2844,63542047.00,41188,22.11,12.15,-1.25
26-August-2016,346.25,348.35,342.15,344.10,344.428846226221789183,239137,4033,82365681.00,16526,6.91,6.20,-2.15
25-August-2016,353.00,354.20,344.10,346.15,348.072675095834127538,94434,2059,32869895.00,30171,31.95,10.10,-6.85
24-August-2016,352.00,358.15,350.20,352.60,353.847995203905391324,70057,1845,24789529.00,16392,23.40,7.95,0.60
23-August-2016,348.90,355.35,344.20,353.55,349.760510058012506592,106184,2572,37138970.00,20018,18.85,11.15,4.65
22-August-2016,352.00,354.00,346.30,350.20,349.247878648201303190,95458,2469,33338504.00,15737,16.49,7.70,-1.80
19-August-2016,353.80,353.80,347.30,350.85,350.054253190568894657,73968,2057,25892813.00,16373,22.14,6.50,-2.95
18-August-2016,349.00,353.65,346.50,352.40,350.137062540565946240,134041,2799,46932722.00,23039,17.19,7.15,3.40
17-August-2016,343.55,349.50,343.55,345.25,347.050084270670220777,167318,3108,58067726.00,36341,21.72,5.95,1.70
16-August-2016,349.00,351.15,340.20,343.55,344.277595852094419429,102606,2782,35324947.00,21353,20.81,10.95,-5.45
12-August-2016,344.00,348.95,344.00,347.85,346.426257628045039989,343961,3226,119157122.00,242904,70.62,4.95,3.85
11-August-2016,347.00,347.00,342.35,346.20,342.723256550537664185,577777,1415,198017615.00,530943,91.89,4.65,-0.80
10-August-2016,349.45,353.30,344.10,345.80,348.874743394634162530,210927,2316,73587103.00,19205,9.11,9.20,-3.65
9-August-2016,352.00,355.20,344.90,348.85,350.071921797187828280,227511,5664,79645213.00,98300,43.21,10.30,-3.15
8-August-2016,365.00,365.00,349.30,351.90,353.439221228692482017,324768,5082,114785749.00,162634,50.08,15.70,-13.10
5-August-2016,366.90,370.80,359.45,363.20,366.528274506787140449,285982,6607,104820489.00,30106,10.53,11.35,-3.70
4-August-2016,359.00,366.90,353.20,365.25,361.030706979717556808,137656,2864,49698043.00,24185,17.57,13.70,6.25
3-August-2016,359.60,360.00,353.50,357.45,355.779219966313106022,175736,2915,62523217.00,21253,12.09,6.50,-2.15
2-August-2016,364.95,364.95,356.10,358.00,360.628941833011375831,116475,2511,42004256.00,19676,16.89,8.85,-6.95
1-August-2016,362.05,368.00,361.10,363.60,363.933577082658976547,135932,3085,49470219.00,20354,14.97,6.90,1.55
29-July-2016,372.00,374.95,360.00,362.05,363.170758499275083587,270376,3404,98192657.00,156147,57.75,14.95,-9.95
28-July-2016,383.40,383.40,364.25,372.10,371.935287594100980979,502253,9808,186805614.00,76567,15.24,19.15,-11.30
27-July-2016,370.00,377.40,368.15,372.55,372.540167911884772394,207728,4180,77387024.00,45686,21.99,9.25,2.55
26-July-2016,373.50,373.50,367.05,369.60,369.565078338364237458,55656,1137,20568514.00,8618,15.48,6.45,-3.90
25-July-2016,367.40,372.00,363.50,370.30,369.241369108577410618,87882,1631,32449670.00,16843,19.17,8.50,2.90
22-July-2016,367.50,369.75,364.15,367.55,367.395625748684798869,181151,5284,66554085.00,19879,10.97,5.60,0.05
21-July-2016,364.10,369.20,363.00,366.90,365.281283439080378114,450446,2767,164539493.00,309071,68.61,6.20,2.80
20-July-2016,361.05,366.85,361.05,363.85,363.539381423611961200,1633816,6560,593956458.00,1213771,74.29,5.80,2.80
19-July-2016,360.00,367.70,358.00,364.30,365.732434413297362625,6328112,7376,2314395807.00,6020569,95.14,9.70,4.30
18-July-2016,379.10,380.00,362.00,363.45,370.347559136610252356,314991,6183,116656148.00,62844,19.95,18.00,-15.65
15-July-2016,366.50,380.00,366.50,378.50,375.128050780643044997,173767,4602,65184876.00,62357,35.89,13.50,12.00
14-July-2016,363.00,367.75,362.50,366.35,365.939630672601513126,77059,1821,28198942.00,19462,25.26,5.25,3.35
13-July-2016,364.20,365.00,359.50,363.10,361.668240310667783446,65665,1578,23748945.00,8295,12.63,5.50,-1.10
12-July-2016,359.50,364.30,359.50,363.05,362.737682501419898067,1066978,1791,387033127.00,1013790,95.02,4.80,3.55
11-July-2016,361.00,367.35,358.20,359.75,361.823057286067914277,1136786,2928,411315386.00,1030269,90.63,9.15,-1.25
8-July-2016,363.00,363.00,353.20,355.00,354.820061066645712425,178166,3454,63216871.00,20784,11.67,9.80,-8.00
7-July-2016,366.00,371.20,362.00,363.30,366.761475730921263487,168486,3196,61794174.00,15941,9.46,9.20,-2.70
5-July-2016,375.00,375.00,363.70,365.80,368.061421537460631958,135262,3906,49784724.00,27021,19.98,11.30,-9.20
4-July-2016,367.25,375.90,367.25,373.05,373.008646410521829142,131384,3850,49007368.00,30252,23.03,8.65,5.80
1-July-2016,367.10,372.50,362.95,368.75,368.896208352017538240,140493,3552,51827335.00,31020,22.08,9.55,1.65
30-June-2016,362.00,369.30,355.70,366.15,362.318303608808507075,95544,2929,34617340.00,22459,23.51,13.60,4.15
29-June-2016,357.30,360.30,354.55,356.65,357.538432394032678190,63345,1432,22648272.00,6881,10.86,5.75,-0.65
28-June-2016,351.05,358.40,351.00,357.30,356.679568203404690582,109496,2226,39054986.00,18319,16.73,7.40,6.25
27-June-2016,355.00,357.85,349.80,351.05,351.918317542348550100,97524,2330,34320482.00,16898,17.33,8.05,-3.95
24-June-2016,362.00,362.00,348.85,354.50,353.230300884955752212,127125,2546,44904402.00,32017,25.19,13.15,-7.50
23-June-2016,362.00,368.00,362.00,364.20,363.626809073197884775,114976,2810,41808356.00,15316,13.32,6.00,2.20
22-June-2016,366.80,367.00,360.10,362.95,365.181873837921182712,220510,3495,80526255.00,115335,52.30,6.90,-3.85
21-June-2016,358.10,364.50,358.10,362.20,362.366953901210152093,42474,1141,15391174.00,12207,28.74,6.40,4.10
20-June-2016,358.00,366.60,353.80,364.95,362.378018505135530833,267061,3521,96777036.00,136933,51.27,12.80,6.95
17-June-2016,346.55,358.80,343.95,355.70,352.054787192340861191,216839,3603,76339208.00,114980,53.03,14.85,9.15
16-June-2016,351.00,351.10,341.45,346.25,345.495980707395498392,93300,1683,32234775.00,13600,14.58,9.65,-4.75
15-June-2016,348.00,352.70,346.90,351.80,351.040232066366643170,276645,3808,97113525.00,159542,57.67,5.80,3.80
14-June-2016,340.85,343.50,337.25,342.15,340.469185391237620200,83402,1712,28395811.00,16182,19.40,6.25,1.30
13-June-2016,351.00,351.00,341.60,342.40,345.104564682113769808,79195,2622,27330556.00,26513,33.48,9.40,-8.60
10-June-2016,349.80,353.50,347.60,351.25,351.186443565734082051,140863,2558,49469176.00,37401,26.55,5.90,1.45
9-June-2016,355.10,355.70,350.00,350.90,352.758411677387431964,88924,2135,31368689.00,25232,28.37,5.70,-4.20
8-June-2016,355.00,358.70,351.45,352.40,355.438155845914291517,177252,2756,63002124.00,38101,21.50,7.25,-2.60
7-June-2016,349.00,352.50,347.35,349.15,349.518161537930165747,246097,3582,86015371.00,127778,51.92,5.15,0.15
6-June-2016,358.00,359.00,348.30,348.80,351.095296128644234117,189546,3605,66548709.00,58082,30.64,10.70,-9.20
3-June-2016,367.00,367.00,355.60,358.20,359.381583240181632445,186971,3396,67193934.00,64347,34.42,11.40,-8.80
2-June-2016,363.00,367.90,359.75,365.95,365.324597493147403997,187885,3544,68639012.00,62660,33.35,8.15,2.95
1-June-2016,354.65,364.20,352.40,362.80,359.559745503297452708,129039,3239,46397230.00,31389,24.33,11.80,8.15
31-May-2016,357.50,357.50,347.60,351.65,352.120314703773451104,253826,4944,89377291.00,50833,20.03,9.90,-5.85
30-May-2016,353.00,357.65,352.40,356.40,355.497806705793952194,196964,3520,70020270.00,83402,42.34,5.25,3.40
27-May-2016,353.25,357.40,350.00,353.00,353.180007878400956274,147238,3154,52001518.00,37899,25.74,7.40,-0.25
26-May-2016,352.25,355.85,348.80,352.85,353.077133724138649118,96041,2368,33909881.00,17091,17.80,7.05,0.60
25-May-2016,346.00,352.50,346.00,351.45,350.520400243915959864,72156,1917,25292150.00,15413,21.36,6.50,5.45
24-May-2016,345.90,346.90,341.80,345.25,345.922460084231421902,1412537,5700,488628274.00,1298454,91.92,5.10,-0.65
23-May-2016,339.00,348.60,339.00,345.90,345.898686657368665736,86040,1966,29761123.00,28198,32.77,9.60,6.90
20-May-2016,345.40,346.15,339.85,342.85,342.743715310567236378,267913,4889,91825497.00,91424,34.12,6.30,-2.55
19-May-2016,352.00,352.00,343.75,344.90,346.399198679082932728,301003,3497,104267198.00,196994,65.45,8.25,-7.10
18-May-2016,350.00,352.50,347.20,351.15,349.926473320106704711,134577,2359,47092055.00,50864,37.80,5.30,1.15
17-May-2016,357.00,359.00,348.90,351.50,355.550445445970024106,333935,3099,118730738.00,208485,62.43,10.10,-5.50
16-May-2016,354.05,356.20,343.40,353.55,349.418683941356972383,158382,3550,55341630.00,24490,15.46,12.80,-0.50
13-May-2016,360.00,360.15,353.10,354.95,355.081091981659955723,451253,3796,160231408.00,296440,65.69,7.05,-5.05
12-May-2016,364.00,364.00,356.10,362.30,360.837006510183360210,167430,3975,60414940.00,28714,17.15,7.90,-1.70
11-May-2016,364.95,377.55,358.10,359.45,366.450006241912759856,504653,10803,184930095.00,71342,14.14,19.45,-5.50
10-May-2016,366.80,369.70,361.00,368.85,365.360184132141890062,92325,2257,33731879.00,20956,22.70,8.70,2.05
9-May-2016,360.00,367.45,358.50,366.60,363.747210171276675778,79754,1595,29010295.00,21052,26.40,8.95,6.60
6-May-2016,356.25,364.15,354.55,358.60,359.270978311668969200,194713,3358,69954730.00,17597,9.04,9.60,2.35
5-May-2016,362.00,366.00,352.00,355.20,357.486855777223607647,153984,2881,55047256.00,20784,13.50,14.00,-6.80
4-May-2016,368.00,369.20,359.20,360.80,362.767545008681877722,164135,3334,59542851.00,38843,23.67,10.00,-7.20
3-May-2016,359.90,369.40,357.40,367.00,366.029342400151514468,221761,4219,81171033.00,43686,19.70,12.00,7.10
2-May-2016,364.00,364.15,356.40,357.85,358.734288911845730027,69696,1766,25002345.00,11025,15.82,7.75,-6.15
29-April-2016,372.90,373.00,360.90,363.80,365.576092162386251860,194179,4222,70987200.00,31850,16.40,12.10,-9.10
28-April-2016,382.20,384.90,370.15,372.30,377.276700200460316281,431008,7737,162609276.00,82951,19.25,14.75,-9.90
27-April-2016,365.50,380.80,361.00,373.15,372.850806863501515925,460115,10256,171554249.00,38481,8.36,19.80,7.65
26-April-2016,358.00,363.50,355.85,360.40,359.976865251449626110,101233,2341,36441538.00,15378,15.19,7.65,2.40
25-April-2016,355.00,363.85,355.00,358.85,360.077563845715852295,142257,2870,51223554.00,21932,15.42,8.85,3.85
22-April-2016,356.00,358.10,350.35,353.10,354.125424776027185665,77688,2453,27511296.00,17781,22.89,7.75,-2.90
21-April-2016,356.50,358.60,351.25,356.75,355.061449217382607391,99985,1958,35500819.00,8023,8.02,7.35,0.25
20-April-2016,365.00,365.00,354.20,356.50,358.073734239883820714,136341,2923,48820131.00,14530,10.66,10.80,-8.50
18-April-2016,354.30,363.00,352.50,358.55,356.873687312888764794,128934,2780,46013152.00,13996,10.86,10.50,4.25
13-April-2016,350.00,364.30,350.00,351.80,356.101481861724016511,235717,5005,83939173.00,30149,12.79,14.30,1.80
12-April-2016,349.00,352.40,344.35,349.55,349.270478151100448608,246763,3157,86187031.00,95909,38.87,8.05,0.55
11-April-2016,342.05,349.50,341.00,348.35,346.359165495725070851,251934,5618,87259650.00,43724,17.36,8.50,6.30
8-April-2016,333.00,337.65,325.70,334.30,330.633106206990067459,147495,2378,48766730.00,29966,20.32,11.95,1.30
7-April-2016,335.55,335.55,329.50,331.70,331.831154503833636714,72516,2051,24063068.00,14981,20.66,6.05,-3.85
6-April-2016,334.00,339.40,331.90,334.65,335.464701221049598386,111052,2427,37254026.00,18028,16.23,7.50,0.65
5-April-2016,345.40,345.85,329.15,330.35,335.146516398684217257,195473,4231,65512095.00,68978,35.29,16.70,-15.05
4-April-2016,336.80,350.60,336.70,347.85,343.237270468388165493,177481,4221,60918094.00,50440,28.42,13.90,11.05
1-April-2016,350.35,350.60,332.30,335.25,337.159347285028218880,285270,7368,96181447.00,72737,25.50,18.30,-15.10
31-March-2016,353.05,356.55,346.20,350.90,353.184372653587724533,103882,1955,36689499.00,29001,27.92,10.35,-2.15
30-March-2016,358.05,359.25,351.25,353.90,353.691114345690006772,267251,3908,94524304.00,99777,37.33,8.00,-4.15
29-March-2016,350.00,357.80,346.20,354.60,353.061540073824800009,85879,1576,30320572.00,20583,23.97,11.60,4.60
28-March-2016,358.50,361.00,347.20,350.15,353.313317820730794450,172333,3085,60887544.00,48758,28.29,13.80,-8.35
23-March-2016,351.50,361.20,351.50,358.55,358.088255792381783266,199443,4187,71418196.00,53119,26.63,9.70,7.05
22-March-2016,355.00,356.10,344.80,351.30,349.564651518147059710,298423,4942,104318132.00,69334,23.23,11.30,-3.70
21-March-2016,344.30,354.65,344.30,353.55,351.513101007906277575,225517,4117,79272180.00,55077,24.42,10.35,9.25
18-March-2016,347.90,348.30,339.85,344.65,344.093471010101492081,209573,3372,72112701.00,88658,42.30,8.45,-3.25
17-March-2016,339.65,352.00,338.00,341.55,349.175384271313959131,2289333,6626,799378730.00,2027388,88.56,14.00,1.90
16-March-2016,339.05,344.30,335.55,339.65,338.871545096310176637,72578,1500,24594619.00,21617,29.78,8.75,0.60
15-March-2016,338.05,344.85,336.60,343.65,342.968714011516314779,229240,4245,78622148.00,94071,41.04,8.25,5.60
14-March-2016,338.40,342.00,332.00,340.90,337.356178331595917476,82498,1672,27831210.00,14177,17.18,10.00,2.50
11-March-2016,332.00,339.00,332.00,337.85,335.334382050722192447,302274,2290,101362865.00,204420,67.63,7.00,5.85
10-March-2016,332.35,338.80,331.10,335.95,333.288482857520620811,196646,2285,65539847.00,82702,42.06,7.70,3.60
9-March-2016,326.15,339.00,326.15,335.10,332.669157375449502159,110678,1655,36819157.00,40430,36.53,12.85,8.95
8-March-2016,327.50,334.60,327.00,331.80,330.239269112236904422,891026,2376,294251775.00,800302,89.82,7.60,4.30
